{
    "potentialAtlasResolution": 512,
    "potentialAtlasGrid": 1,
    "potentialAtlasChannels": 1,
    "potentialMax": 50.0,
    "potentialMin": 0.0,
    "statesAtlasResolution": 6144,
    "statesAtlasGrid": 12,
    "statesAtlasChannels": 3,
    "numberOfStates": 374,
    "resolution": 512,
    "length": 20.0,
    "mass": 1.0,
    "energyLevels": [
        0.014063898916818529,
        0.05634820407189611,
        0.06316315570913868,
        0.0632663155775685,
        0.10523143358071517,
        0.10577657403851086,
        0.12637696723500766,
        0.17440141953073632,
        0.17671539925295357,
        0.21077963940488822,
        0.2105636430017161,
        0.22503028871453243,
        0.2526574157507244,
        0.25320196807374173,
        0.2729288915379982,
        0.2758524821369595,
        0.3212659261083486,
        0.32410337737442396,
        0.3500835018756964,
        0.3960459091694051,
        0.40322988640459884,
        0.42009881806741856,
        0.42319018277121634,
        0.456287620432887,
        0.45651030894873273,
        0.4981542267603393,
        0.49893145230802805,
        0.5055376535935839,
        0.5415506859330362,
        0.5504887246549081,
        0.5516497091583609,
        0.5678951736323065,
        0.569445739088349,
        0.5589646767445029,
        0.6657825568695936,
        0.6687442409363503,
        0.6787997104791127,
        0.6994342623870607,
        0.7060018849814775,
        0.7240767579898001,
        0.742578028223928,
        0.8002134495885768,
        0.8003842059463725,
        0.7894111188796188,
        0.795915348155673,
        0.8422342144381444,
        0.8429001625330694,
        0.8739305423398979,
        0.9123650086675059,
        0.8942539098056866,
        0.9071621964063914,
        0.8898186186538485,
        0.9349504281569476,
        0.9544229146443892,
        0.9526566359051698,
        0.9513839048033883,
        1.0109437924582962,
        1.0125190973226978,
        1.0498686103009627,
        1.0884910200955202,
        1.1014329437494779,
        1.139513738275655,
        1.142256938431692,
        1.1393605667277626,
        1.134918157777805,
        1.1726488257255403,
        1.2425643372568027,
        1.241269658712585,
        1.1945680735875752,
        1.2841505020575903,
        1.2850069062191032,
        1.2854310132047837,
        1.308299001442178,
        1.2947393802010798,
        1.3555743068029606,
        1.3334114135253545,
        1.3329832631930938,
        1.341255032499132,
        1.3463893317556528,
        1.3942169087220107,
        1.4486073142426574,
        1.4544481848169442,
        1.448175190685275,
        1.417315860796572,
        1.462767344200456,
        1.4778050529289717,
        1.5057147170345233,
        1.5811514664163622,
        1.581058412551534,
        1.584944590420235,
        1.5893654196012774,
        1.6058061645261632,
        1.6239434127724308,
        1.7821038895543062,
        1.7828809623914976,
        1.720825898009015,
        1.6902148167302367,
        1.7578777348603294,
        1.813878330742228,
        1.761397334958402,
        1.7589901336935623,
        1.7309919060418981,
        1.7362800700621808,
        1.806764274230615,
        1.8956558650296083,
        1.8920865052269775,
        1.8311939552399221,
        1.8534607835195251,
        1.9044472389928995,
        1.924323464710932,
        1.9842026106961779,
        1.9944326461423323,
        1.918593695517072,
        1.9904712013401915,
        1.9305028383924607,
        1.9287011737881425,
        1.9720918965938208,
        2.05311521274344,
        2.0829981076454547,
        2.1209381384608665,
        2.1240949286931268,
        2.143649975996323,
        2.1481154375941696,
        2.1306008853401117,
        2.1744961443553117,
        2.170130027989697,
        2.2283285213403268,
        2.421210529380026,
        2.4212328008228914,
        2.220245256353274,
        2.226449106228044,
        2.259964815673971,
        2.246474609867714,
        2.4624073856995072,
        2.463259964524534,
        2.395369713381185,
        2.435167266051895,
        2.459502715181547,
        2.5331137971174957,
        2.530749610669822,
        2.4378545333779313,
        2.368888384869008,
        2.3846841530376826,
        2.457545487368583,
        2.4658005106131653,
        2.478976044938131,
        2.6242947884933705,
        2.625260518302795,
        2.5786770663588294,
        2.592264812855301,
        2.492856289456894,
        2.6194679945460213,
        2.5222691684825813,
        2.7674932614500602,
        2.7585436279713424,
        2.7620915064605938,
        2.8129568732741603,
        2.71856771569113,
        2.6650177676284232,
        2.6635676541610307,
        2.644326557271051,
        2.8453685345589244,
        2.822457657737223,
        2.841637582859012,
        2.910847374490866,
        3.1575676428692936,
        3.1571963265853076,
        2.916451226948529,
        2.9476772991279265,
        2.864654134061225,
        2.8430040410952255,
        3.19821503408408,
        3.1987341387332604,
        3.1820034149750454,
        2.9280835065969133,
        2.9236373455888636,
        3.258288748443554,
        3.2499274661346065,
        3.227242542541597,
        3.0507336395341174,
        3.1095770997302443,
        2.9962981077040305,
        3.086919430668071,
        3.092343227974943,
        3.101635852501271,
        3.366465627084945,
        3.3617779767547993,
        3.2031769929757945,
        3.3256959453035333,
        3.2761970346388494,
        3.2346106028451214,
        3.292787827920125,
        3.231369662037688,
        3.1937538081017793,
        3.475956401654742,
        3.4976111689572265,
        3.2457338324874003,
        3.3025380984677497,
        3.380839417713532,
        3.5006071929399636,
        3.260131783294533,
        3.424059289305768,
        3.659108469275393,
        3.6412522929261666,
        3.6480413356292956,
        3.9897070048372245,
        3.9915933272564112,
        3.6524430628312134,
        3.6228619930098995,
        3.5933003809406365,
        4.03064400653246,
        4.031748691315504,
        3.6217906683357017,
        3.7161073749451985,
        3.681993910937396,
        3.510079407818842,
        3.5393165365899937,
        3.5125208771171788,
        3.504468846713747,
        4.094004267629756,
        4.1027660993078285,
        4.046944681973916,
        3.892766880551947,
        3.759733656349019,
        3.822902693263584,
        3.754713944616131,
        3.6758704599268355,
        4.016807771253644,
        4.123784782623016,
        4.197619001045147,
        4.198331056080222,
        3.9736862489234412,
        3.9630031236791576,
        3.8725715721747895,
        4.158265629646486,
        4.114172777717501,
        3.896082330611106,
        4.304509904348084,
        4.321903994175751,
        4.07724343680097,
        4.107791264744013,
        3.8193141274494216,
        3.953833633037626,
        4.0263021271012445,
        4.079959118092534,
        4.500978520006566,
        4.006691011399386,
        4.257839344260057,
        4.57833299180675,
        4.91947485249183,
        4.918316903821801,
        4.485886035166753,
        4.478151609794701,
        4.606379527257853,
        4.963309956536556,
        4.892470972127391,
        4.13929490596172,
        4.344300889178301,
        4.278112698752635,
        4.403911271047615,
        4.30480289787554,
        4.311407986905087,
        4.982231179765959,
        4.9938642882521584,
        4.717821780766722,
        4.604135577546582,
        4.216964696301962,
        4.406934284322019,
        4.216659432283107,
        4.9852720460026925,
        4.703241924102402,
        4.619159024554211,
        4.6896839953949545,
        5.118988117669134,
        5.116601950964156,
        4.9879371381564415,
