{
    "potentialAtlasResolution": 512,
    "potentialAtlasGrid": 1,
    "potentialAtlasChannels": 1,
    "potentialMax": -0.6741998624632419,
    "potentialMin": -2.2359623393428305,
    "statesAtlasResolution": 6144,
    "statesAtlasGrid": 12,
    "statesAtlasChannels": 3,
    "numberOfStates": 377,
    "resolution": 512,
    "length": 20.0,
    "mass": 1.0,
    "energyLevels": [
        -1.2576134689212397,
        -1.2482315084843163,
        -1.2482254603523595,
        -1.248073097032387,
        -1.2480741931017565,
        -1.2395278981513114,
        -1.2393764804660654,
        -1.2393785506116943,
        -1.239223771097726,
        -0.7904154529010281,
        -0.790414033975958,
        -0.7902952536315995,
        -0.7902932851632591,
        -0.770973761807892,
        -0.7707857238572169,
        -0.7707915729746175,
        -0.7705641705079671,
        -0.7505145157352826,
        -0.7501818867642278,
        -0.7501804953937086,
        -0.7498352677379532,
        -0.651753798865891,
        -0.6162438224449072,
        -0.61624382244493,
        -0.5953881213234564,
        -0.5953848730340674,
        -0.5951088906690494,
        -0.5951085168896753,
        -0.5570009621734082,
        -0.5570009616767664,
        -0.5564545937289478,
        -0.5564545088624948,
        -0.49771293622201696,
        -0.5024491099262838,
        -0.5024790408026183,
        -0.5023012286452124,
        -0.5023397745883431,
        -0.29597283139448716,
        -0.2953528764863993,
        -0.2953528754124415,
        -0.29473723838849075,
        -0.29204903638362056,
        -0.2920487521763324,
        -0.29109235302419556,
        -0.29109235296518166,
        -0.28672431660195774,
        -0.28676617606350874,
        -0.2867663119863697,
        -0.2867268028859822,
        -0.2529329918886385,
        -0.25293299174434414,
        -0.2523483420969115,
        -0.2523476201880086,
        -0.20612494499505685,
        -0.20561396534537923,
        -0.205614530201907,
        -0.20509325117234845,
        -0.08492128033314827,
        -0.0737763785418859,
        -0.07377637854187702,
        -0.06660292338915141,
        0.042960384018008835,
        0.04296771716922532,
        0.042929868467005416,
        0.042867514036185383,
        0.055619220559642635,
        0.05595595441058698,
        0.055955954463699165,
        0.05629220024559878,
        0.1673869326341948,
        0.16745858319903162,
        0.16759186441562912,
        0.16756454140753574,
        0.16501064484105799,
        0.16565620553212845,
        0.16565621536843622,
        0.16629625005188853,
        0.212751058831683,
        0.2131929488887958,
        0.21321610381693912,
        0.21363564115278733,
        0.2525646212357384,
        0.25259067428887505,
        0.25257155311115387,
        0.2525900947915014,
        0.26462988951619293,
        0.26462989943353943,
        0.26468101484197604,
        0.26468018603469945,
        0.4672001712442255,
        0.4674678777463406,
        0.46747446749068233,
        0.4677235533922879,
        0.5254834435367766,
        0.5257580341131494,
        0.5257614175910672,
        0.5260306357921505,
        0.6745041372216733,
        0.700574392362384,
        0.7005743923603283,
        0.6902268031734233,
        0.6902268027066456,
        0.6911427796222749,
        0.6909682079833304,
        0.6964001928852266,
        0.6978259226647694,
        0.6960086293670527,
        0.6960086091950242,
        0.5931000016757055,
        0.5962246075645217,
        0.5962242132422264,
        0.5957390205582445,
        0.7239434662101396,
        0.7233076266594418,
        0.7233083503882471,
        0.7244049453024943,
        0.7244049452407673,
        0.7273665477589448,
        0.7273665452933931,
        0.7282672561362942,
        0.7282652873929925,
        1.0365668756952333,
        1.0365214041974826,
        1.0365036262273142,
        1.0366050865178766,
        1.0367986806648921,
        1.0368361239988793,
        1.0369027783514184,
        1.0369046824234691,
        1.039350454915788,
        1.039200392205884,
        1.039328022907553,
        1.0380018286226127,
        1.0388806461549311,
        1.0380885392433528,
        1.0380458166965583,
        1.0380458158377315,
        1.3315585850845388,
        1.3315585855406002,
        1.331511940123855,
        1.3315469339673078,
        1.1886001175058567,
        1.198281870586368,
        1.1982818705866185,
        1.3398012663965084,
        1.3409975342426512,
        1.3409974621838892,
        1.3418703160545395,
        1.2078516404677249,
        1.35827405535897,
        1.3583143364781582,
        1.358314313690781,
        1.358716359896531,
        1.2786595655943933,
        1.2836671725696376,
        1.2836671725698814,
        1.2879071550813799,
        1.4745097642981904,
        1.474623793216343,
        1.474623946040278,
        1.47473754578087,
        1.669324185307072,
        1.6704681830025971,
        1.6704660509721743,
        1.6711017159274655,
        1.6439792370865658,
        1.6503773544728215,
        1.589853832923768,
        1.6374677085507399,
        1.5971685457249243,
        1.592629744529686,
        1.625776098349779,
        1.6386709713567895,
        1.5736516986177227,
        1.5736520791767505,
        1.5737898780297987,
        1.5732540573994354,
        2.05541378338739,
        2.055413766682983,
        2.055313042672753,
        2.0553354482090733,
        2.094396138919332,
        2.0946885701792497,
        2.0946885710802117,
        2.0950249522066637,
        2.0809268255969458,
        2.0808462562538916,
        2.0808462517339215,
        2.0807290564903496,
        1.8743967631018248,
        1.8743929677788427,
        1.874461198577881,
        1.8744625935891226,
        1.888757165241112,
        1.8887571762494333,
        1.8888196495337275,
        1.888819209969506,
        2.0131024416465944,
        2.0131024394019232,
        2.0131812943423992,
        2.013169250381471,
        2.0256294505449453,
        2.0256103402522183,
        2.0256860343295515,
        2.025686031854272,
        2.1650395993665623,
        2.1649509081613503,
        2.1649509060337446,
        2.164857995519903,
        2.40328842133543,
        2.4033048912610346,
        2.4033240674949954,
        2.403311143274856,
        2.411877075960597,
        2.411784092874782,
        2.4118215593891263,
        2.4118498318979724,
        2.25822518589785,
        2.258083012207717,
        2.258083048237413,
        2.2579554900907506,
        2.8216276396718674,
        2.859285961727806,
        2.8592859612418517,
        2.907049071161144,
        2.9190963915001285,
        2.919096388510711,
        2.9194135951952727,
        2.919403345420221,
        2.919519417351648,
        2.9195290784167036,
        2.9198935706123232,
        2.9198958789817566,
        2.6074895464096453,
        2.6074673812395095,
        2.6074807519986547,
        2.607492700520399,
        2.6229950399486186,
        2.6229750885278,
        2.623156228767668,
        2.6228552637965143,
        2.5538643246482464,
        2.5941392661325273,
        2.5941392657750826,
        2.623372835189778,
        2.654838197928051,
        2.6548381893399893,
        2.654972088570054,
        2.6549435478473407,
        2.6534382324423604,
        2.653455455147997,
        2.653597729870388,
        2.6536052598617528,
        3.240568774203648,
        3.2405598844331513,
        3.240563904031807,
        3.2406083434843374,
        3.240660778300914,
        3.240720384407567,
        3.240745656816387,
        3.240689550633386,
        2.947813540855823,
        2.947751294988436,
        2.9477095057152876,
        2.9478176267430736,
        2.9468110567379235,
        2.946802703023683,
        2.946888764124385,
        2.9469007447659723,
        3.7427282087804348,
