{
    "potentialAtlasResolution": 128,
    "potentialAtlasGrid": 1,
    "potentialAtlasChannels": 1,
    "potentialMax": 50.00000654108424,
    "potentialMin": -4.392950289285742e-39,
    "statesAtlasResolution": 1536,
    "statesAtlasGrid": 12,
    "statesAtlasChannels": 3,
    "numberOfStates": 374,
    "resolution": 128,
    "length": 20.0,
    "mass": 1.0,
    "energyLevels": [
        0.013966869690670616,
        0.056088002786343245,
        0.06306181042668678,
        0.06316510676664389,
        0.1050252695851269,
        0.10547529079038383,
        0.12534140364539556,
        0.17443432113676574,
        0.17475672154787802,
        0.2104354227653185,
        0.21069047243805447,
        0.22382210483593032,
        0.25247979984980645,
        0.25271073628347557,
        0.272561972274833,
        0.274230517514532,
        0.3192765524866735,
        0.3237310489136551,
        0.3457934461608155,
        0.3953194859823478,
        0.3979979498088832,
        0.41769033156217367,
        0.42310415653357375,
        0.4561994457485742,
        0.45629516937173165,
        0.49782226324346596,
        0.49868159974594084,
        0.5017076715827954,
        0.5325290389464453,
        0.5496087720190163,
        0.5515891069031654,
        0.5540588394620326,
        0.5672460870601779,
        0.5691554803689194,
        0.6620119813359808,
        0.6683713692739712,
        0.6641993063661562,
        0.6954206385441928,
        0.70582586197557,
        0.7206755523819219,
        0.7265595046122105,
        0.8001447473048402,
        0.7996939274011657,
        0.7808743668283217,
        0.7949235243414751,
        0.8416031927217958,
        0.8424808854940734,
        0.8567683738560218,
        0.884145310692944,
        0.9028003877568911,
        0.9117385987012712,
        0.8929951128614846,
        0.9275640576338269,
        0.9413233033235806,
        0.9550407967974571,
        0.9520101475232549,
        1.010736746919146,
        1.0110984088050723,
        1.0244029499336538,
        1.054083528306494,
        1.078627176837359,
        1.1010440832546329,
        1.1428148647279648,
        1.1395856157004824,
        1.137083740061659,
        1.1745410846626534,
        1.1749688686171675,
        1.2418406925310728,
        1.2416534706180582,
        1.2822868120599649,
        1.2848661749454193,
        1.258366204977292,
        1.28212619424274,
        1.2869656894816905,
        1.3362384900120152,
        1.3552469487466954,
        1.3364566549443662,
        1.3248030174435972,
        1.3521829726345873,
        1.3638749717527134,
        1.3813140022415473,
        1.4478309720813733,
        1.4532017166035454,
        1.4458074122975582,
        1.4538889884893966,
        1.4310734574988921,
        1.5077479825154863,
        1.4954271186089627,
        1.5802335143510975,
        1.5672616242279518,
        1.5888114211084448,
        1.607915754126726,
        1.5940556447295624,
        1.6484839782922966,
        1.7820974539596435,
        1.7793279086910503,
        1.680004070152636,
        1.7333877865971463,
        1.6849683556400057,
        1.8192494654192646,
        1.8221185698584874,
        1.728952515883137,
        1.7368432435780174,
        1.7870756844293456,
        1.8327411737668093,
        1.895286154307951,
        1.8878754636667137,
        1.8170306622929875,
        1.857773504809577,
        1.9299705200835846,
        1.9103916958867593,
        1.9907124211219773,
        1.9288103511939179,
        1.9920801047728875,
        1.9318577099379521,
        1.9295667502187448,
        1.96061132484863,
        1.9850529666128873,
        2.027943480244771,
        2.064167707866455,
        2.121761977204126,
        2.1224138850112766,
        2.1568891024622956,
        2.1367549069951717,
        2.1266977740880253,
        2.1536727824393505,
        2.2143649397021554,
        2.1978102215325515,
        2.1990137427457412,
        2.420895329712468,
        2.4208041179825788,
        2.2026106181395244,
        2.266073960773565,
        2.275884806348906,
        2.462220825449838,
        2.4616043048913845,
        2.408110736713025,
        2.4544658283903327,
        2.475464087896843,
        2.5214142115624587,
        2.5337571502078946,
        2.4238512278795756,
        2.3668190437949215,
        2.4749903103021147,
        2.3978032679382104,
        2.457376177091961,
        2.462437913409079,
        2.5866847702082363,
        2.6253075525486245,
        2.5680431231488434,
        2.576289898102621,
        2.590321331024006,
        2.5269423738683514,
        2.5285547731623867,
        2.68415973927464,
        2.754808485391143,
        2.776093408556638,
        2.7626494015135257,
        2.671008882963189,
        2.7205933978958687,
        2.6736050200478356,
        2.673913872470222,
        2.832099908248969,
        2.8247386362241502,
        2.85397388120516,
        2.903430324758639,
        2.8322924505453644,
        3.1574168559116793,
        3.1564956531717536,
        2.9175663601130024,
        2.9456960282222293,
        2.8523697318280483,
        3.196005667328408,
        3.1974261933585635,
        2.9116251808482265,
        3.1754393423191525,
        2.9881468686298436,
        3.203897065290782,
        3.26541811790227,
        3.0096561380019202,
        3.1958550049869876,
        3.1347158433793054,
        3.1532513972207323,
        2.9982213798324238,
        3.1375361022361368,
        3.0897942683408854,
        3.1018626963289395,
        3.358819690764503,
        3.3609830496427393,
        3.21346328048423,
        3.3806459394481636,
        3.1972591343880774,
        3.1703449643506847,
        3.357216154595516,
        3.250087976726131,
        3.4855374499651943,
        3.4960902133917955,
        3.251812562723053,
        3.276580612320841,
        3.292524780617567,
        3.3873537695892835,
        3.5353730474073473,
        3.278813775721545,
        3.476613490827077,
        3.660464595346208,
        3.6368995880292907,
        3.985572546338363,
        3.985127387466492,
        3.6621980491073685,
        3.5757268585398547,
        3.6279523811837313,
        3.6274185235178775,
        4.024762033522232,
        4.0253332928324435,
        3.4779274025312987,
        3.614761951761646,
        3.5657221952332523,
        3.730366519582158,
        3.5458545249448394,
        3.535431826810062,
        4.0687927898351095,
        4.082630299223777,
        3.97343001946641,
        3.8589179860074094,
        3.921885907544495,
        3.662675936996434,
        3.8416088868631557,
        3.8076677003635226,
        3.8060904757688934,
        4.090302353441937,
        4.016613077533339,
        4.187603268902625,
        4.190331221415095,
        3.894242086436787,
        4.205328924769667,
        3.887316632045597,
        4.006241861934042,
        3.9545046262957606,
        4.0968662336641,
        4.2313908438534025,
        3.816731069193558,
        4.286302310157694,
        4.203415300713654,
        4.06125368682158,
        3.940914179479738,
        3.9897339521633217,
        4.201637292879977,
        4.489037910845214,
        4.008712905642896,
        4.318142237138626,
        4.896300888551969,
        4.923227477480951,
        4.539344841741762,
        4.1041531549089525,
        4.47244768462726,
        4.53550920572027,
        4.930168892409498,
        4.911184435059971,
        4.271482975287077,
        4.560287929944896,
        4.379048250684876,
        4.393438794582592,
        4.3025371594985335,
        4.374037925744111,
        4.507214500334208,
        4.834576371070173,
        4.722335767955282,
        4.654926695844622,
        4.366356248564306,
        4.498325690227139,
        4.739076584985166,
        4.663381073148725,
        4.516183944549891,
        4.705137692580291,
        4.76376928057579,
