{
    "potentialAtlasResolution": 128,
    "potentialAtlasGrid": 1,
    "potentialAtlasChannels": 1,
    "potentialMax": 50.00000654108424,
    "potentialMin": -4.392950289285742e-39,
    "statesAtlasResolution": 1536,
    "statesAtlasGrid": 12,
    "statesAtlasChannels": 3,
    "numberOfStates": 373,
    "resolution": 128,
    "length": 20.0,
    "mass": 1.0,
    "energyLevels": [
        0.06833293922039278,
        0.06887032056823553,
        0.10729729328967491,
        0.10707301479687267,
        0.169593967318922,
        0.16984011428956752,
        0.23443299317400776,
        0.23724985338387525,
        0.2553567289687218,
        0.2562254777619687,
        0.2778069511436513,
        0.27828190560197413,
        0.34020992366588404,
        0.341289228090483,
        0.3701350260499439,
        0.3701449871378112,
        0.4201776907799573,
        0.42450937214972967,
        0.505659958049204,
        0.5054051867105483,
        0.504809889846813,
        0.5155033835929959,
        0.542802961728255,
        0.5428236647281632,
        0.5566327547577152,
        0.562106791059852,
        0.6229714275357067,
        0.6263295763981087,
        0.6682867392823819,
        0.6687049307853035,
        0.6626582503126935,
        0.6726799983430254,
        0.6982455314065725,
        0.7059823828268417,
        0.8282291279354412,
        0.8548425195668463,
        0.8556165871930395,
        0.837715350667919,
        0.8304891325958706,
        0.8305689917349915,
        0.8655383908320774,
        0.9004609358739925,
        0.8995597142878237,
        0.9406442861303527,
        0.969066111441313,
        0.968876551687948,
        1.0252657605034678,
        1.0267823492509274,
        1.0326341330697555,
        1.0578497972037868,
        1.046521902584078,
        1.0324958643691553,
        1.0619835974210072,
        1.0935003544856878,
        1.1123192501630574,
        1.1237220235174947,
        1.2066017161507505,
        1.2347209796170908,
        1.3035515706067646,
        1.3036054237434511,
        1.2301651251796606,
        1.2302745522541279,
        1.2463670443551895,
        1.263142630962554,
        1.3064451179820913,
        1.3218946233009305,
        1.3444251328403938,
        1.3781889913622865,
        1.4296963332318846,
        1.4739579641356775,
        1.466400225600865,
        1.4628793474866058,
        1.5253434057361352,
        1.5615925092428287,
        1.534608556214121,
        1.5159813949094085,
        1.5231252155803336,
        1.5374503616222808,
        1.5367604203563372,
        1.53140552612885,
        1.5294855630028403,
        1.5876571460215756,
        1.6466008699488646,
        1.7331028809498181,
        1.6981693014399961,
        1.7411884536251794,
        1.839735015242561,
        1.8415773899130947,
        1.7152175145643551,
        1.7568341983259494,
        1.7426316480318709,
        1.7429054036036549,
        1.7601397371428293,
        1.7472324320379924,
        1.8819480962102375,
        1.8440853870836373,
        1.954269648020142,
        2.0160834852914404,
        1.9946012025708715,
        1.9442678918174623,
        1.9679433632200711,
        2.12644245351707,
        2.1291979050239553,
        2.0654422965455534,
        2.061427011307178,
        2.0588440193101807,
        2.098411747335927,
        2.132870953441503,
        2.047393493227335,
        2.072211240079761,
        2.1532337962533954,
        2.1969805030246596,
        2.191705320096398,
        2.1552501388366445,
        2.1554862291080594,
        2.3294155194252166,
        2.3306421327366986,
        2.289062727556704,
        2.2568803249247855,
        2.2788098662876726,
        2.291682502790087,
        2.3183010764559846,
        2.4898160038625172,
        2.4461922863917107,
        2.387946695962373,
        2.3663257709432832,
        2.3758570155614827,
        2.460274072001793,
        2.43054636979439,
        2.4371719569200216,
        2.6627136583785047,
        2.65830464737066,
        2.4636086676415974,
        2.5416334551154898,
        2.5970921416961263,
        2.613975334221537,
        2.6070555104649604,
        2.8517636552474834,
        2.8510904258242036,
        2.707255071947732,
        2.842223500581844,
        2.7010752941305523,
        2.6740865493800334,
        2.816570971848932,
        2.7207427800315016,
        2.7326347197589094,
        2.701100569757581,
        2.6927048475561497,
        2.8808193895330585,
        2.8510851869284415,
        2.9210283130893004,
        3.021890024251206,
        3.021444542634898,
        2.957706205329575,
        2.957504383317198,
        3.015971875519782,
        3.1379847660873668,
        3.2006449195854088,
        2.9872957829241633,
        2.8815463991082795,
        2.9967620201019547,
        3.017285521903938,
        3.0651462721714955,
        3.010391828674878,
        3.0336566665577127,
        3.0359089618568476,
        3.1773644348871826,
        3.0338540364913236,
        3.4097974003853744,
        3.4021453237400547,
        3.1040363692687576,
        3.285600049463969,
        3.304524585829781,
        3.2645652424676936,
        3.540895644739785,
        3.6405005337960885,
        3.3651762834361927,
        3.3144383839418206,
        3.2182900067996516,
        3.61357627405101,
        3.297626495624806,
        3.3540706836359964,
        3.4461341586340666,
        3.4492837485352936,
        3.4722805824309035,
        3.431706670889683,
        3.302625654788508,
        3.543727607568215,
        3.693727935426983,
        3.8046166991348502,
        3.7271414273984607,
        3.7670970425282024,
        3.755753792129134,
        3.6919922921717525,
        3.7077792154843388,
        4.075032491590703,
        4.07062262482568,
        3.7363658351699773,
        3.838720872949087,
        3.5471979266214815,
        3.5937311245394703,
        3.6451625904856506,
        3.623063389212735,
        3.6705918713932912,
        3.666537658876853,
        3.5796303536329157,
        3.9662878161438595,
        3.8052256947454053,
        3.930037816523813,
        3.848840341198263,
        4.218923711086246,
        4.23930612889045,
        4.020477796207481,
        4.0964562964514695,
        3.949156363203506,
        4.5139975190166295,
        4.523400312396963,
        4.056774605594678,
        3.961253246758029,
        3.931321417017261,
        3.981973256628345,
        3.9109377019202727,
        3.9157944596203538,
        4.056493873426618,
        4.456689725948259,
        4.052706037152108,
        4.207281468336205,
        4.23511177795773,
        4.202804025446195,
        4.634556462722514,
        4.692828634374102,
        4.473138247912695,
        4.512633037017132,
        4.1518671693209805,
        4.433850631948332,
        4.555694152558751,
        4.411484262643724,
        4.683152595287106,
        4.993220414560846,
        4.754299090870868,
        4.531916827880512,
        4.541723998464528,
        4.6707471389343675,
        4.322892005659705,
        4.754500594044727,
        4.409439148433218,
        4.589415745238095,
        4.22007048762318,
        4.268696441026937,
        4.465993484701233,
        4.452982196807839,
        4.8143973485167075,
        4.888676987711302,
        5.121331222119285,
        4.347106011552298,
        4.760494795615181,
        4.809805935187458,
        5.513429157808484,
        5.510066440036422,
        4.870645647283266,
        4.579819760188089,
        4.964683570582491,
        4.9654565635088455,
        4.789545804464876,
        4.839900097271217,
        4.747142055864487,
        4.695824194437835,
        4.774387875777721,
        4.80930298414661,
        4.823262743272241,
        5.44095919847047,
        4.77516753985767,
        4.640452139579382,
        4.832557027618651,
        5.649621048555584,
        5.68936758391516,
