{
    "potentialAtlasResolution": 128,
    "potentialAtlasGrid": 1,
    "potentialAtlasChannels": 1,
    "potentialMax": 59.53252475029847,
    "potentialMin": -0.42848206871881644,
    "statesAtlasResolution": 1536,
    "statesAtlasGrid": 12,
    "statesAtlasChannels": 3,
    "numberOfStates": 371,
    "resolution": 128,
    "length": 20.0,
    "mass": 1.0,
    "energyLevels": [
        0.06905822917334668,
        0.0694818105167286,
        0.10780468837289489,
        0.10759996433741836,
        0.16908095953350924,
        0.16952917089583272,
        0.23764885891989487,
        0.23980361754619725,
        0.2575812983938346,
        0.25778861088345184,
        0.2795537814093836,
        0.2810109401927048,
        0.33761331484541995,
        0.3399089381928646,
        0.3691042234241651,
        0.3694585147787848,
        0.4293865133404222,
        0.4309391071572342,
        0.5070601514897862,
        0.5074438352281839,
        0.5118403072230585,
        0.5201771325011058,
        0.5395326240980552,
        0.5413615739996256,
        0.5652706712220402,
        0.5687975550770504,
        0.6167535418003701,
        0.6229871571150253,
        0.6681366186584408,
        0.6686552685261727,
        0.6788447190338549,
        0.6802971448287927,
        0.7149695727246773,
        0.7184982550375316,
        0.8059973518243363,
        0.8241431819611195,
        0.8558563270875855,
        0.8562078162918663,
        0.8355578679692672,
        0.8366164659117327,
        0.8949269866444359,
        0.9136912332995757,
        0.9639851395550683,
        0.9698010286394484,
        0.96471427758128,
        0.9676954077016223,
        1.0037263595886834,
        1.0274676180188966,
        1.0288838746728841,
        1.0386044149697111,
        1.0605353533533426,
        1.045112448242337,
        1.1091880492149642,
        1.113478449542545,
        1.1201656651852214,
        1.1220602936087984,
        1.1931701653312223,
        1.2317971507193377,
        1.2268554849487436,
        1.221756674062788,
        1.303935471910598,
        1.3035522875009773,
        1.3122757977032098,
        1.3158214336061973,
        1.3138217765076294,
        1.3622038279915838,
        1.3685481722466621,
        1.403639230918688,
        1.4757283973298367,
        1.4755856465229196,
        1.4833295958876274,
        1.4755133223892059,
        1.4855433446129063,
        1.560368133883826,
        1.5570695166203452,
        1.5078589680994505,
        1.5281854443943967,
        1.533072350184867,
        1.530513856981607,
        1.5352250961407181,
        1.6372412665867095,
        1.625054047730868,
        1.6343999813626064,
        1.7323980122741895,
        1.7352289230197109,
        1.7212428133660564,
        1.8471735283325224,
        1.84875830925455,
        1.7134231760861445,
        1.7184464850181402,
        1.757720011959269,
        1.7613659449531012,
        1.787366364064312,
        1.8719846785527006,
        1.9112571492529524,
        1.891172190624501,
        2.020381520102995,
        2.0219802750148506,
        1.938112503791698,
        1.9696144960155926,
        2.151597348277042,
        2.1396214735934986,
        2.0551907498145288,
        2.0338008884838037,
        2.0809293395252406,
        2.0984065606559685,
        2.1130815526619795,
        2.055051368064408,
        2.0693611006216575,
        2.1274097125739866,
        2.2081574599661193,
        2.15568488611727,
        2.1618838328185523,
        2.3285930220874604,
        2.3337521473011256,
        2.245538882334058,
        2.2604952889226175,
        2.2841623584388953,
        2.297954985169902,
        2.241496750594497,
        2.2430501701833103,
        2.4925157792278774,
        2.4924506502218544,
        2.3272486232932685,
        2.389778219203614,
        2.430460637865427,
        2.4291783346904956,
        2.443693685843205,
        2.624075887123627,
        2.655425169866736,
        2.534780641969217,
        2.4518578957245003,
        2.5190101732391503,
        2.5810881190540518,
        2.6210889401063526,
        2.672632585128138,
        2.854477728093169,
        2.817011963904849,
        2.822327884938419,
        2.733685453477198,
        2.8314632759988005,
        2.6835187138716434,
        2.8519935598314645,
        2.693283990537047,
        2.7018891741780684,
        2.837362599691721,
        2.673683466420264,
        2.6813925226801425,
        2.9222383669597467,
        3.023332557029358,
        3.0278136689482613,
        2.944824529595298,
        2.9501691955715135,
        2.9763173952583526,
        3.000660899991327,
        3.223796913766392,
        3.2292333641387536,
        3.0049236098758407,
        2.863070755153953,
        2.8660729420888353,
        3.102846703721352,
        2.9775634420774746,
        3.001403633796761,
        3.0055135315398833,
        3.014290825672437,
        3.1091782365300524,
        3.40601599147571,
        3.4079389371864113,
        3.075905300580403,
        3.2801379400925437,
        3.30928450326877,
        3.2251522663745655,
        3.245214235593659,
        3.5653328572567573,
        3.645934038615878,
        3.3872512973490494,
        3.215976304819443,
        3.2241835667086076,
        3.6446093050760213,
        3.333190315059176,
        3.342388697174215,
        3.5501323625968,
        3.4429478714571773,
        3.644892940051216,
        3.6742601994049244,
        3.3336193646292296,
        3.331473883425363,
        3.635007335479897,
        3.8182549679394446,
        3.7945545860396743,
        3.7550172834993845,
        3.687256773279844,
        3.6930404046275167,
        4.078063181620393,
        4.078604985865021,
        3.754843767459885,
        3.790221452088012,
        3.8266730218396554,
        3.6109123164848365,
        3.6183121894500125,
        3.543690378142767,
        3.581048955112041,
        3.704100921298098,
        3.7011785565890403,
        3.6052908766596397,
        3.705689081593458,
        3.9150330092314527,
        4.234331487183731,
        4.247203342172662,
        3.9655664254420904,
        4.100569533056913,
        4.0767893876925525,
        4.528317074392751,
        4.531493525825889,
        3.8357002825341886,
        3.9546174852656826,
        4.03550851936262,
        4.00062719183855,
        3.9629344690657415,
        3.906301839611186,
        3.911255941524968,
        3.9341618644907226,
        4.01075888673192,
        4.4992197137537095,
        4.052062888817022,
        4.582732502384035,
        4.699154941714742,
        4.692161591196732,
        4.6159500849996045,
        4.655377299378422,
        4.345227772141202,
        4.114442013466153,
        4.1037416463108185,
        4.405675542705151,
        4.546042750314312,
        4.827748807880976,
        4.933817016095772,
        4.649779925906534,
        4.664186740861096,
        4.649750122419172,
        4.589590462096543,
        4.351254302917799,
        4.782578142051154,
        4.248408601526921,
        4.209122154379467,
        4.500310687010026,
        4.372714942306042,
        4.44459266923902,
        4.434644893922358,
        4.460320128810705,
        4.986383158021903,
        5.173506868832887,
        4.529751346406723,
        4.5661946224866545,
        4.609768620871071,
        5.518999159225015,
        5.519734604298174,
        4.745976266764182,
        4.954221861376821,
        4.989798627529624,
        4.9193989387793655,
        4.686343005744306,
        4.650920067162361,
        4.968548328447671,
        4.779197241078091,
        4.992594048600191,
        4.605498665197815,
        4.606646932076091,
        5.517499438094672,
        4.789439625014717,
        4.827509023046515,
        5.697551198251857,
        5.700379482355014,
        5.69010880418922,
        4.798630037789115,
        5.684710935468201,
