{
    "potentialAtlasResolution": 128,
    "potentialAtlasGrid": 1,
    "potentialAtlasChannels": 1,
    "potentialMax": 55.11525502538044,
    "potentialMin": -0.3440872884753212,
    "statesAtlasResolution": 1536,
    "statesAtlasGrid": 12,
    "statesAtlasChannels": 3,
    "numberOfStates": 375,
    "resolution": 128,
    "length": 20.0,
    "mass": 1.0,
    "energyLevels": [
        0.012372217934944427,
        0.04980569120337749,
        0.06152740761172868,
        0.061527407611729215,
        0.09896202318240936,
        0.09896202318240813,
        0.11129853906237931,
        0.1604565964479021,
        0.16045659644790386,
        0.19911860590713099,
        0.20898557025115447,
        0.20898557025115255,
        0.24642360079708045,
        0.24642360079707823,
        0.24827939655207945,
        0.24827939655207945,
        0.3079233314914819,
        0.3079233314914795,
        0.3089377672372946,
        0.35810145315070063,
        0.3581014531506971,
        0.395754303099145,
        0.39575430309915294,
        0.45472448784707975,
        0.4547244878470816,
        0.4477185215804501,
        0.49216817040332106,
        0.4921681704033152,
        0.49688662558050334,
        0.4968866255805006,
        0.505585012996916,
        0.5055850129969164,
        0.5536764344395014,
        0.5536764344395008,
        0.6050208827399477,
        0.6415209313339644,
        0.6415209313339618,
        0.6443833947538342,
        0.6443833947538273,
        0.6541928473980059,
        0.6541928473980085,
        0.7513235180347823,
        0.7513235180347777,
        0.7987056816845616,
        0.7987056816845599,
        0.7952903650062814,
        0.8361537648060378,
        0.8361537618777117,
        0.8016076669153054,
        0.8016076700165575,
        0.844468603790097,
        0.8444686037900866,
        0.8976649165491077,
        0.8976649165490992,
        0.890133418004116,
        0.8901334180041209,
        0.9855211344041553,
        0.9855211344041122,
        0.9991616171330626,
        0.9919956705849255,
        0.9919956705849595,
        1.0483444923537804,
        1.0483444923537724,
        1.0474353871046227,
        1.0474353871046225,
        1.0953656537676728,
        1.095365653767669,
        1.2408802331532625,
        1.2408802331532596,
        1.1959033584513876,
        1.195903358451491,
        1.2783382585234053,
        1.278338258523383,
        1.2418514540083987,
        1.2342074621028325,
        1.234207462102844,
        1.2378573265774915,
        1.2378573265774877,
        1.2910425248401285,
        1.2910425248401263,
        1.339864405260305,
        1.339864405260302,
        1.4277444243500537,
        1.4277444243500448,
        1.3915349811215745,
        1.391534981121572,
        1.4386079534853367,
        1.438607953485343,
        1.4417859295075495,
        1.4417859295075006,
        1.4915174359825987,
        1.5376140858772096,
        1.5376140858772056,
        1.5407136894085414,
        1.5407136894085196,
        1.5820015432949304,
        1.5820015432949246,
        1.676494401837471,
        1.6764944018373538,
        1.7811800634861445,
        1.7811800634860078,
        1.688312210426429,
        1.6883122104270205,
        1.684533628710372,
        1.6845336287103603,
        1.8186500280285862,
        1.8186500280285913,
        1.7872828253750999,
        1.8801941690489963,
        1.880194169049036,
        1.836489324300416,
        1.8364893243004123,
        1.785960400706529,
        1.785960400706526,
        1.8338554323941714,
        1.833855432394167,
        1.968102775416941,
        1.968102775416939,
        1.934260878206737,
        1.9342608782066941,
        1.9841008764676134,
        1.9841008764675638,
        2.08194731301552,
        2.0780034169618653,
        2.0780028251565383,
        2.0243763360123235,
        2.0243763360123412,
        2.028766034506045,
        2.0287660345060066,
        2.1311603726870127,
        2.131160372687066,
        2.2169291713747863,
        2.216929171374771,
        2.4195237664685707,
        2.4195237664685716,
        2.2301020750744383,
        2.230102075074427,
        2.27880332740172,
        2.2788033274017385,
        2.457007544414898,
        2.4570075444148056,
        2.2283753118124845,
        2.2283753118124725,
        2.431576698804481,
        2.2785269648777406,
        2.2785269648777504,
        2.5185724862004677,
        2.5185724862004575,
        2.374330371710859,
        2.3743303723687434,
        2.4808009963683455,
        2.4808009963683437,
        2.606514174192193,
        2.606514174192181,
        2.5248287224918355,
        2.5248287224919648,
        2.4712523051373707,
        2.471252305137297,
        2.6284657586550386,
        2.628465758655038,
        2.5649165898026474,
        2.564916589802632,
        2.7164488239152194,
        2.716448823915212,
        2.574439934192763,
        2.574439931056849,
        2.7704785056019468,
        2.8197080778327823,
        2.8197080778329315,
        2.8554289611324233,
        2.8554289611324326,
        2.72105799017646,
        2.7210579901764804,
        2.7689636323895033,
        2.7689636313524058,
        3.1558151650279194,
        3.1558151650279256,
        2.8745534867344467,
        2.8745534867344573,
        2.9674005564502837,
        2.967400556450085,
        3.193314489207567,
        3.1933144892075593,
        2.8692019867749,
        2.8692019867749443,
        3.01287653970136,
        3.01287653970137,
        3.174755856853222,
        3.254902817274514,
        3.254902817274582,
        3.2239999718901937,
        3.223999971890168,
        3.3428817455924027,
        3.3428817455923787,
        3.011926425815705,
        3.01192642581569,
        3.0170602569942595,
        3.0170602569943505,
        3.21351214468528,
        3.213512144685265,
        3.203538400478124,
        3.2035384004781378,
        3.3717239779746575,
        3.3717239779746366,
        3.452855529742474,
        3.4528555297424663,
        3.2190127360921434,
        3.2190127361111465,
        3.5571785157314686,
        3.606427241965583,
        3.606427241965681,
        3.2617856987077243,
        3.261785699303272,
        3.5918959812729487,
        3.5918959812729563,
        3.311869168169355,
        3.3118691681693395,
        3.407640904320668,
        3.4076409043207136,
        3.9899433263478565,
        3.9899433263478725,
        3.617908104356561,
        3.6179081043565713,
        4.027459771583248,
        4.027459771583217,
        3.7541738445469295,
        3.7541738445471116,
        3.5580060313625737,
        3.5580060313625808,
        3.749395625355428,
        3.749395625355421,
        4.089073825239221,
        4.0890738252392085,
        4.0168776835412885,
        4.066143138299638,
        4.066143138299497,
        3.557895372807918,
        3.557895372807893,
        3.6507031124926552,
        3.650703112492633,
        4.177093777333171,
        4.177093777333164,
        3.6617877306644457,
        3.6617877306643454,
        3.940142720714245,
        3.940142720714188,
        4.000378986685912,
        4.000378986685831,
        4.287110573825437,
        4.2871105738255135,
        4.213930935708042,
        4.213930935707973,
        3.962502515217468,
        3.9625025152151965,
        4.439737748351024,
        3.9006249278024714,
        3.900624279494439,
        4.489006338296533,
        4.489005614486961,
        3.852761208747154,
        3.852760886329193,
        4.426135109914897,
        4.426135109914891,
        4.144307446757803,
        4.144307446757765,
        4.000826527236501,
        4.000826527236484,
        4.921780458766665,
        4.921780458766688,
        4.959310154639773,
        4.959310154639757,
        4.458578709976282,
        4.45857870997627,
        4.636813086378307,
        4.636813086378432,
