{
    "potentialAtlasResolution": 128,
    "potentialAtlasGrid": 1,
    "potentialAtlasChannels": 1,
    "potentialMax": 55.11525502538044,
    "potentialMin": -0.3440872884753212,
    "statesAtlasResolution": 1536,
    "statesAtlasGrid": 12,
    "statesAtlasChannels": 3,
    "numberOfStates": 381,
    "resolution": 128,
    "length": 20.0,
    "mass": 1.0,
    "energyLevels": [
        0.0627531963101444,
        0.06309865567500483,
        0.10032223050964306,
        0.10060064460982265,
        0.16281227277321886,
        0.16315761958041308,
        0.21318643171211513,
        0.2145855876744047,
        0.2503177253501177,
        0.2505873517409237,
        0.2507245511365381,
        0.252123258218128,
        0.3132512287299796,
        0.31465144509731724,
        0.3626418945946652,
        0.36298772253230044,
        0.40072424115175437,
        0.40212444305906386,
        0.4631909211860129,
        0.4663945160853592,
        0.5000784695943982,
        0.4999658712566273,
        0.5007324187437494,
        0.5039364931417307,
        0.513114232398014,
        0.5144727130477803,
        0.5632657822741122,
        0.5664706432786233,
        0.6618556826808507,
        0.6622017805238922,
        0.6503082063424706,
        0.6517100190799876,
        0.6507469558930735,
        0.6539529234583304,
        0.7628960551897412,
        0.766114960588705,
        0.8121204992185151,
        0.8135172111653483,
        0.811840745275778,
        0.8176627700574745,
        0.8485142259561207,
        0.8486575871600337,
        0.8493804133308417,
        0.8552026527845629,
        0.9000913222260696,
        0.9033119564876847,
        0.911910110438383,
        0.9177338024190362,
        0.998841391294451,
        1.0002459725415327,
        0.9993851643906974,
        1.0052108836758393,
        1.0598413369829107,
        1.0601891817909146,
        1.0620870173739452,
        1.06530973131691,
        1.1117555422508125,
        1.1175841480140358,
        1.21030226639841,
        1.2117104806624077,
        1.2960204463260463,
        1.2963128732778353,
        1.2591523081697584,
        1.2488374203782713,
        1.2521041434787508,
        1.2683651922404688,
        1.2489712335640244,
        1.2548029766472213,
        1.296698614422183,
        1.3059549310123144,
        1.3592392906239004,
        1.3684979256878567,
        1.44644584429383,
        1.4478557079232193,
        1.4110043845873608,
        1.4168383561325473,
        1.4467294376828275,
        1.4564502020213272,
        1.4598554636920313,
        1.4635424587822012,
        1.55679628446152,
        1.5571444802189016,
        1.559175742786682,
        1.5684369484482186,
        1.5977790523772946,
        1.6036172928650778,
        1.7072861051984976,
        1.7086968613419735,
        1.696486381520421,
        1.6997166231809069,
        1.696414468839675,
        1.7056810459125984,
        1.8426085944851358,
        1.8423218262765995,
        1.8048924820798191,
        1.8184122616655483,
        1.842446946628805,
        1.8559687799606268,
        1.8092812574903283,
        1.8151242782449208,
        1.9050009549014704,
        1.9185262037206197,
        1.858456881162784,
        1.8677291736402646,
        1.9927755912178522,
        1.9941882355844203,
        1.9573438168466322,
        1.9605784023813426,
        1.992509735387732,
        2.0060397436329893,
        2.1524167318172505,
        2.152765925108216,
        2.0454859726861834,
        2.051334316678134,
        2.045266900172472,
        2.054545630025223,
        2.1049226941108046,
        2.118459219817914,
        2.3029390029164745,
        2.3043519386959823,
        2.242865625574369,
        2.246102557926067,
        2.24218974046035,
        2.255733665312646,
        2.487565058579502,
        2.4872154808324693,
        2.256803269367613,
        2.266090684605834,
        2.3063751352970265,
        2.3122293068173683,
        2.4488779897090427,
        2.4675107046629554,
        2.4864419845805497,
        2.505077218690063,
        2.404283186640015,
        2.417834209985412,
        2.549011645615867,
        2.637735914431071,
        2.6342601124525613,
        2.5725494060515914,
        2.5530505735554883,
        2.5562920080665954,
        2.493048552357188,
        2.502343461970378,
        2.636541713677802,
        2.6551919136710644,
        2.84664126358036,
        2.846984881448151,
        2.591935438516159,
        2.59779594455718,
        2.5911268457959533,
        2.6046878842387273,
        2.7490262586273047,
        2.767677268573236,
        2.9971947183887195,
        2.9986134662362223,
        2.8878835693150964,
        2.8911282678675083,
        2.7539805394427397,
        2.7632847119733053,
        2.8863262828733025,
        2.9049876684542553,
        2.8027091930565686,
        3.230266312986491,
        3.1875082035657716,
        2.860280571106962,
        2.9021555638875576,
        2.9080230790894657,
        3.1913056476524555,
        3.2158754074940674,
        3.22888012857059,
        3.253453738863309,
        3.048440232315723,
        3.0671138063857017,
        3.381284939567187,
        3.3827148888639234,
        3.247368716912381,
        3.250618127879565,
        3.291466925976191,
        3.3160469385428804,
        3.0395880333014533,
        3.0489023670251076,
        3.0390018867381294,
        3.052586409016362,
        3.639436296060532,
        3.639787379472859,
        3.2370320635598393,
        3.242990884903624,
        3.378936705104282,
        3.4036095549705214,
        3.235331726563762,
        3.254018924114229,
        3.491491805585495,
        3.5160926155269085,
        3.790032119930496,
        3.791455053514016,
        3.6314961269097012,
        3.6347509934316444,
        3.2999868718148746,
        3.349861144976098,
        3.314639999909425,
        3.358093747868766,
        4.073053533718654,
        4.073156269827657,
        3.6242314928505155,
        3.451551042330253,
        3.5965590183442364,
        3.466713965808966,
        3.6523522951679506,
        3.602481237176056,
        4.032212591010734,
        4.063529562746844,
        4.06979786965947,
        4.101119878518569,
        3.585659174118001,
        4.223411489693175,
        4.2241769957039565,
        3.7916715052289867,
        3.5992656169075476,
        3.8156269456971077,
        4.040273576624092,
        4.043532057280177,
        3.684792894843677,
        3.6941297773167614,
        4.132402361054935,
        4.161221143096125,
        3.6833101476610444,
        3.702030323512793,
        4.528454765735609,
        4.528796797174926,
        3.98073401664197,
        3.986624216049929,
        4.217197830668309,
        4.248811659401572,
        3.977935445103491,
        4.002583068324533,
        4.3297001644146835,
        4.361328880417775,
        3.895989138479513,
        4.67902170492602,
        4.680455175050991,
        3.9095858360059337,
        4.471460785679059,
        4.47473820160813,
        4.044378258213618,
        4.05373092498591,
        3.9443497522400444,
        3.963093070979584,
        5.010810414751714,
        5.011231983609636,
        4.387435802992742,
        4.393362526007313,
        4.467045774203301,
        4.4986895888061875,
        4.187300795103974,
        4.211927798188855,
        4.968344866028835,
        5.007554276011309,
        5.005934157969442,
        5.045150174621761,
        5.16138159033926,
        5.162823796326935,
        4.22897956324174,
        4.2427023060871765,
        4.929224319488153,
        4.93250665642584,
        5.068544253340323,
        4.227990743370309,
        5.107754998367847,
        4.246891295475026,
        4.6291853285845415,
        4.660878103721439,
        4.426494998684764,
        4.435907130244276,
        5.519591076405765,
        5.519340947365224,
