{
    "potentialAtlasResolution": 256,
    "potentialAtlasGrid": 1,
    "potentialAtlasChannels": 1,
    "potentialMax": 56.17939999936083,
    "potentialMin": 0.0,
    "statesAtlasResolution": 1024,
    "statesAtlasGrid": 4,
    "statesAtlasChannels": 3,
    "numberOfStates": 45,
    "resolution": 256,
    "xMax": 2.0,
    "energyLevels": [
        19.336549243202796,
        33.591529261620224,
        33.59155258186044,
        41.02427421108846,
        43.534666274000486,
        43.535975293122505,
        47.02668982636201,
        47.026616942041024,
        50.29178829585004,
        50.11398018454925,
        50.44962979772884,
        51.68418370227757,
        51.64402198189922,
        53.73512371304439,
        53.748649943358345,
        54.48864389560611,
        54.5430232600519,
        55.657835618406615,
        56.16831260810611,
        56.50918346897756,
        56.89647684655223,
        57.1766636950873,
        57.9809049670817,
        57.29962476884082,
        59.472934320840544,
        59.713246883999176,
        59.701372959403564,
        59.6742134012763,
        60.97991180287126,
        60.782837727275954,
        62.267418633334565,
        62.12034676546944,
        69.04970145323568,
        55.80212173595747,
        63.533824889131445,
        63.329693427159626,
        64.24267273395026,
        65.65627398726122,
        65.80553818266081,
        64.52725384119508,
        66.33332400910325,
        66.33884214308489,
        66.33336972790912,
        67.49203396090238,
        68.38480013953576
    ],
    "isLinear": true
}