{
    "potentialAtlasResolution": 256,
    "potentialAtlasGrid": 1,
    "potentialAtlasChannels": 1,
    "potentialMax": 68.3758700961024,
    "potentialMin": 0.0,
    "statesAtlasResolution": 1024,
    "statesAtlasGrid": 4,
    "statesAtlasChannels": 3,
    "numberOfStates": 39,
    "resolution": 256,
    "length": 2.0,
    "energyLevels": [
        17.31609089965336,
        19.710505930612737,
        29.607013014607062,
        31.705862786262177,
        35.168286978807,
        37.32165877551262,
        41.432248027911186,
        42.77447328523375,
        44.78908043531048,
        45.37651580916891,
        48.99675024232042,
        49.64485173092223,
        51.134466785967945,
        51.6144406475284,
        52.84376396816399,
        54.2851363123655,
        55.234542960751625,
        56.376568799487565,
        56.70166674040978,
        59.21912266897609,
        59.00556145640848,
        59.185760988810344,
        59.249549940072946,
        60.87832342915155,
        60.89091608715948,
        61.203850567418804,
        62.96224065920333,
        63.060088824269236,
        63.98039816816528,
        64.36847145916565,
        64.27673778886174,
        65.47323334840954,
        65.32521892208759,
        66.13590151728806,
        66.85869881223952,
        67.1125095782937,
        67.24390132030013,
        68.56152493258128,
        68.71630058013896
    ],
    "isLinear": true
}
