{
    "potentialAtlasResolution": 256,
    "potentialAtlasGrid": 1,
    "potentialAtlasChannels": 1,
    "potentialMax": 593.9155737155692,
    "potentialMin": 0.0,
    "statesAtlasResolution": 1280,
    "statesAtlasGrid": 5,
    "statesAtlasChannels": 3,
    "numberOfStates": 75,
    "resolution": 256,
    "xMax": 1.0,
    "energyLevels": [
        21.96275989378928,
        33.271673402378646,
        36.77459030351354,
        43.45076116251995,
        46.03872979927225,
        53.49409797963466,
        53.373404628958156,
        55.04639896869526,
        61.94260079872007,
        67.53234775522725,
        67.51257364967523,
        70.31644491206202,
        72.88644083807363,
        80.59192585554909,
        83.00814932534145,
        82.38043673511585,
        86.87031576371201,
        88.57182658381686,
        94.05208545270335,
        99.46097131647434,
        101.43161821751605,
        102.71475102408249,
        105.62012540358323,
        109.61015807014738,
        110.92537018746805,
        117.99110009720522,
        128.5550980590946,
        121.75967595469491,
        125.98979524182545,
        126.98870613271264,
        126.65586833596146,
        133.64425961768208,
        136.53122420312405,
        142.01744921916756,
        144.7725360921603,
        143.00434150304295,
        153.7489344096866,
        151.2152460252409,
        152.38915363162496,
        157.65425327129498,
        159.09809942647695,
        165.35763670414656,
        167.3034966797746,
        168.23196051328293,
        162.72395150125755,
        174.8665400441432,
        179.5426823821589,
        180.8510112249977,
        181.37539987194208,
        185.83499155286208,
        189.16856705453625,
        201.11169892581532,
        195.33355353596886,
        198.82095334968486,
        201.5092319565088,
        207.5316703631389,
        208.73184465433562,
        207.2390885513756,
        214.51738830263474,
        215.1492755872315,
        219.97661463696005,
        222.81922613547056,
        222.88547209223293,
        226.30318559665884,
        230.2512863802877,
        232.8753675617039,
        236.33990315581934,
        240.63864481042555,
        241.26227287397015,
        243.58980013244775,
        251.50420856736287,
        248.7140241621956,
        254.20715826497786,
        254.01161353608356,
        257.1245445782842
    ],
    "isLinear": true
}