{
    "potentialAtlasResolution": 512,
    "potentialAtlasGrid": 1,
    "potentialAtlasChannels": 1,
    "potentialMax": -0.07071067811865817,
    "potentialMin": -36.133156518633605,
    "statesAtlasResolution": 6144,
    "statesAtlasGrid": 12,
    "statesAtlasChannels": 3,
    "numberOfStates": 384,
    "resolution": 512,
    "length": 20.0,
    "mass": 1.0,
    "energyLevels": [
        -1.8575197874397489,
        -0.21639729620865467,
        -0.21639729620905968,
        -0.21654758288425313,
        -0.0673087951670297,
        -0.0449782712535054,
        -0.044978271253974356,
        -0.05952450808775467,
        -0.03582575026798196,
        0.022991744999934838,
        0.02299174500148382,
        0.065238433801305,
        0.09094403496217751,
        0.12645322732280562,
        0.1264532273222656,
        0.11171720279618569,
        0.10950605066791042,
        0.18270871809473022,
        0.21440531832912058,
        0.21440531832841714,
        0.2135872607293834,
        0.213587260726257,
        0.22960925020802847,
        0.2824190482703415,
        0.30045252694658586,
        0.3375063114500918,
        0.33750631144896204,
        0.3342383827185671,
        0.3420429929368751,
        0.39611027659169196,
        0.4021695714352589,
        0.40216957143520915,
        0.45900213762583775,
        0.4563651506671249,
        0.5022209655491494,
        0.5022209655476857,
        0.5231426393393335,
        0.5231426393390848,
        0.5080955654335142,
        0.5205391432703479,
        0.5641898380397095,
        0.6020114780940844,
        0.6020114780932531,
        0.6241736465023209,
        0.653946581693539,
        0.6539465816986123,
        0.6712960155939101,
        0.6850046611563272,
        0.7415773868581681,
        0.741577386858367,
        0.7266365003188042,
        0.7702795420083532,
        0.776002237341558,
        0.7899095580665332,
        0.8613639679948548,
        0.8613639679941443,
        0.8312237657156984,
        0.8386456811955796,
        0.9023893969943089,
        0.9023893969935344,
        0.9034626482653962,
        0.9414329164260025,
        0.9414329164258106,
        0.9559705874382871,
        0.9903333814574324,
        0.9903333814579227,
        1.0104203151571198,
        1.040818710443645,
        1.0431143174652675,
        1.0431143174656725,
        1.116502775726822,
        1.1255414191839606,
        1.1071629934856304,
        1.1109436088207971,
        1.1728005432591573,
        1.1728005432596191,
        1.1579646314834093,
        1.2127578981288067,
        1.2626995170979427,
        1.2238157315642226,
        1.223815731564173,
        1.269764854165956,
        1.2786030207104844,
        1.2960394537769062,
        1.2960394537780147,
        1.3779991619120864,
        1.3779991619135785,
        1.3817992288379557,
        1.3817992288380196,
        1.3660755611551991,
        1.4419948231177742,
        1.4034031336951642,
        1.5055219098951653,
        1.5055219098945543,
        1.4465808128896924,
        1.4703604320538304,
        1.5316065338559,
        1.5316065338562552,
        1.5157427111459825,
        1.5237643351959278,
        1.579368010947249,
        1.6272365845488252,
        1.627236584548875,
        1.6678092307592678,
        1.670604940014691,
        1.6449176881657337,
        1.7284052123029525,
        1.7284052123030946,
        1.8557944422003203,
        1.7526773868358205,
        1.7526773868366377,
        2.357337907672374,
        2.402940971296786,
        2.4089250278774372,
        2.268962003158478,
        2.2689620031577533,
        2.2006608919358683,
        2.200660891937048,
        2.2302891932836317,
        2.120234574697669,
        2.093143832342129,
        2.093143832342065,
        2.082143007320859,
        2.001136013253152,
        2.0965752683501577,
        2.144637303996703,
        2.1446373039970865,
        2.0690450841042605,
        2.0327846415581874,
        2.138486721823874,
        2.177343264817374,
        2.1773432648186883,
        2.138937941072548,
        2.217739034045046,
        2.217739034046069,
        2.2127989151406595,
        2.3451708308951282,
        2.3481005491893043,
        2.2919183868597557,
        2.20911394770836,
        2.2091139477083175,
        2.350496723125204,
        2.350496723124344,
        2.33579074719961,
        2.335790747200491,
        2.789229551609168,
        2.6038144275819803,
        2.474601905991655,
        2.8781714393725437,
        2.878171439373361,
        2.8272554053673957,
        2.420959855633903,
        2.6988172728428523,
        2.548897284704573,
        2.5488972847040756,
        2.3734167260844927,
        2.5280960248277466,
        2.4363091120136744,
        2.635116811968352,
        2.6351168119689987,
        2.5482409027891677,
        2.580928803031888,
        2.6386441742959335,
        2.6386441742951803,
        2.6550599026900983,
        2.656541272660043,
        2.6956869284570573,
        2.695686928458727,
        2.7267226126516704,
        2.7087658942965973,
        2.7959970311932025,
        2.7959970311929467,
        2.7076122506773146,
        2.707612250678828,
        2.8470109365544545,
        2.755592832157326,
        2.755592832156232,
        3.0123854103224375,
        2.890860438231016,
        3.04178511514003,
        2.9135747312262694,
        2.913574731226582,
        2.916550609188782,
        3.1695547304722353,
        3.0148212643907897,
        3.0148212643928574,
        2.8927314397659316,
        3.1778570348176913,
        3.2758369603395607,
        3.275836960339042,
        2.926174114384551,
        3.634509220464409,
        2.393924725820881,
        3.3290785983182545,
        3.329078598316606,
        2.971630270300601,
        2.950857200798808,
        3.065404759470333,
        3.0391978305327285,
        3.4438824739114864,
        3.443882473910705,
        3.2431723132284844,
        3.2804662687576283,
        3.282756339535986,
        3.2827563395375066,
        3.4517796783869983,
        3.4645707235468777,
        3.5434867498500893,
        3.5434867498487392,
        3.443265420020012,
        3.3404890897121007,
        3.340489089712868,
        3.4474114110287815,
        3.5709970352796248,
        3.5709970352809677,
        3.6372963067981416,
        3.637296306797545,
        3.5433881816834116,
        3.4407947833334234,
        3.4407947833347237,
        3.6464203989049793,
        3.716804837060373,
        3.734158953582863,
        3.7341466051583865,
        3.8904828764416948,
        3.6884133051564234,
        2.7019327514784734,
        3.8372408243609186,
        3.837240833053748,
        3.701438615588131,
        3.7779402853960917,
        3.8912298202074993,
        3.526594063187929,
        3.839097483546844,
        3.857464055314196,
        3.8574640617238813,
        4.27119541945104,
        4.047147809999622,
        4.047147795456439,
        3.708727111860334,
        3.71354828600969,
        3.687181196001113,
        3.864438127366334,
        3.8117730336379765,
        4.3297627836334485,
        4.3297627834861245,
        3.9854582857401866,
        3.9854582928989046,
        4.093508686698684,
        4.137222312475423,
        4.260695967584603,
        4.260695968596188,
        4.295722199625203,
        4.305172455043731,
        4.2179248196603965,
        4.217924804071053,
        4.263175440051178,
        3.9053039853222984,
        3.9053039866600443,
        4.294843895269956,
        4.441536377514431,
        4.441536377723175,
        4.675690768970739,
        4.675690767515015,
        4.177933283603153,
        4.072289530316546,
        4.331908939600545,
        4.331908937178973,
        4.823935767207722,
        4.465758344555354,
        4.465758317607765,
        4.749098836730603,
        4.598316619947028,
        4.38137601560782,
