{
    "potentialAtlasResolution": 512,
    "potentialAtlasGrid": 1,
    "potentialAtlasChannels": 1,
    "potentialMax": 1.8947925562307244,
    "potentialMin": -9.523628324388445,
    "statesAtlasResolution": 6144,
    "statesAtlasGrid": 12,
    "statesAtlasChannels": 3,
    "numberOfStates": 382,
    "resolution": 512,
    "length": 100.0,
    "mass": 1.0,
    "energyLevels": [
        -2.0623754472845706,
        0.8247613315959992,
        1.053960358752029,
        1.6227090030018232,
        1.2401528786459899,
        1.5675446643472437,
        1.639814632630106,
        1.6018413304063426,
        1.7803514474887088,
        1.7730359805735922,
        1.7497190427095592,
        1.8375971712582189,
        1.6517793757532218,
        1.7598653227167382,
        1.7605068249274574,
        1.7604463006168114,
        1.8545280000778952,
        1.8316759216614162,
        1.8221856573075446,
        1.7783672636184953,
        1.835091247904261,
        1.8249048183766732,
        1.8244657103194601,
        1.8249281290242365,
        1.825293004797473,
        1.8557865099318924,
        1.8587937309033666,
        1.8760128451747828,
        1.8354283895175616,
        1.8609094954941305,
        1.8578659674144458,
        1.8636481196810255,
        1.857620245812548,
        1.8586110843357488,
        1.8554722942799753,
        1.8768996540786507,
        1.8577279679096623,
        1.8749951931372184,
        1.8774774404522923,
        1.8690478097512102,
        1.8786995438065013,
        1.8760445587224623,
        1.8768932795779154,
        1.8765522275035824,
        1.888202744995798,
        1.8759579245983122,
        1.876037121820925,
        1.8691091141861058,
        1.9036968631526534,
        1.8894632364251223,
        1.8917434773030735,
        1.8765036345786879,
        1.8882922049187947,
        1.8894840357584268,
        1.8892698650124924,
        1.8899599138830947,
        1.889749024410989,
        1.8879422664890022,
        1.8879402131610163,
        1.9012243819875092,
        1.8908088678953732,
        1.8891590977983448,
        1.892165337580348,
        1.8795204979254034,
        1.8998633871825223,
        1.9029488192859176,
        1.9019832705919963,
        1.8913832967593418,
        1.8979347540936633,
        1.897944680123267,
        1.9006019004743813,
        1.897866206925153,
        1.8967225072222398,
        1.9078716236036062,
        1.9086563951744608,
        1.8984728227363625,
        1.9099396928690506,
        1.904071097382749,
        1.905019610719366,
        1.912657306886663,
        1.9054485013408744,
        1.9125214853071881,
        1.9092651755830996,
        1.9085412116728122,
        1.9062905324472723,
        1.9077401112297547,
        1.90629942044675,
        1.9138219647374406,
        1.912783578738118,
        1.9126019995635204,
        1.9147464040001818,
        1.9154368011875338,
        1.918119766263949,
        1.9175784520035126,
        1.9195041071284962,
        1.9172938822054473,
        1.916836757705907,
        1.9231862750006332,
        1.924236063216803,
        1.9257216318877983,
        1.9186036345991653,
        1.9195494854785373,
        1.9193618621180821,
        1.9246493268140412,
        1.9301809576496982,
        1.9265477653362275,
        1.9257015461633316,
        1.92268669562276,
        1.926971445376319,
        1.929140110646987,
        1.9283307652414283,
        1.930777161150985,
        1.9288044228465466,
        1.9268478788365737,
        1.9245142140845957,
        1.933361879175445,
        1.929589432444029,
        1.9330164814655948,
        1.9325543788053707,
        1.9350961027333078,
        1.9341156633112462,
        1.9332895765584581,
        1.93463190094527,
        1.9386165953329062,
        1.9392985771881044,
        1.935971739275507,
        1.936111709519551,
        1.9385734846934142,
        1.9318942127138943,
        1.9393091198296837,
        1.9380770044358293,
        1.942482191573566,
        1.9384997686299812,
        1.9487593097252738,
        1.9426889098528264,
        1.943224070825389,
        1.949010757822915,
        1.9478818403666018,
        1.9543819628493075,
        1.9489758533981316,
        1.9426039323606172,
        1.9511213938852912,
        1.9477560633751292,
        1.9481371658717688,
        1.9468770907860566,
        1.9539298028154217,
        1.9516196871307088,
        1.9495697185571537,
        1.954817044229154,
        1.9489925266647568,
        1.9527889486665622,
        1.9590964498066796,
        1.958258619029218,
        1.9596263674893564,
        1.9567559124700633,
        1.9599815961078235,
        1.9615376205654087,
        1.9576948028518046,
        1.9620878934648331,
        1.9631868285853944,
        1.9608382608429977,
        1.960461154522834,
        1.9587785252889436,
        1.9662470770554297,
        1.9580701414453898,
        1.9624379892438295,
        1.9623764379173494,
        1.9677808761233209,
        1.9662118991100161,
        1.9641972312113136,
        1.9669029445986652,
        1.9763476069024648,
        1.9677978865840995,
        1.968340467835052,
        1.9699910185134861,
        1.9749469848320889,
        1.9722982568043506,
        1.9707885380150092,
        1.9721436596519712,
        1.9746802421025063,
        1.9738997494970274,
        1.983689128782844,
        1.972359597426328,
        1.9775228578731134,
        1.97525592300231,
        1.9802676667037353,
        1.9820837572387013,
        1.9788352423992528,
        1.9759621881651857,
        1.9802746862697163,
        1.9803398126747513,
        1.9812206797401455,
        1.9834607451959698,
        1.9813344448666665,
        1.9790632133683719,
        1.9908588630005326,
        1.980631407596256,
        1.9883096323182095,
        1.9885374881758295,
        1.9931192573856489,
        1.9872310908152215,
        1.988864191524275,
        1.9929623508956364,
        1.9881125929113441,
        1.9909431225191216,
        1.991575046862419,
        1.9920486966581024,
        2.0067722299582407,
        1.990295254440495,
        1.9937141641757528,
        1.992373807907338,
        1.995041910186968,
        1.9954827374017867,
        1.9946530120480137,
        1.9977794502501531,
        1.9972994541847857,
        1.9986066335877126,
        2.0021228537337397,
        2.001410111780025,
        2.001391595048297,
        2.000930730291552,
        2.001937065431628,
        2.001709075732183,
        2.0094400890034017,
        2.0026026494935323,
        2.0036271342814995,
        2.002098665091001,
        2.0020206386041544,
        2.009145291490084,
        2.0087835735411605,
        2.0059384586547644,
        2.000785326876521,
        2.01208118001035,
        2.0049836983776537,
        2.0077093608169694,
        2.0077925120779447,
        2.0182928068901216,
        2.007143152888606,
        2.021242120241551,
        2.014834092077672,
        2.015059605922591,
        2.014034358383027,
        2.0187274645818682,
        2.0060364916692723,
        2.0200889362468626,
        2.0240355368861103,
        2.020636535894866,
        2.0153263658810445,
        2.0189344259045363,
        2.0146938354324533,
        2.0125781952124857,
        2.0271368263028666,
        2.029580217942355,
        2.0240340157264782,
        2.0256579753050215,
        2.024764575959747,
        2.025216921396053,
        2.026868402429214,
        2.0243851613134254,
        2.0190330712905773,
        2.038683080216913,
        2.03245278616647,
        2.0289344210869977,
        2.033737789510093,
        2.0310112712507333,
        2.0317195491895035,
        2.0256858151607666,
        2.030795478635069,
        2.0312667804499345,
        2.0351648362158343,
        2.035834993728413,
        2.0379056995976867,
        2.036263848758372,
        2.036871392123544,
