{
    "potentialAtlasResolution": 512,
    "potentialAtlasGrid": 1,
    "potentialAtlasChannels": 1,
    "potentialMax": 100.29124428904608,
    "potentialMin": 0.3220729087281363,
    "statesAtlasResolution": 6144,
    "statesAtlasGrid": 12,
    "statesAtlasChannels": 3,
    "numberOfStates": 370,
    "resolution": 512,
    "length": 20.0,
    "mass": 1.0,
    "energyLevels": [
        2.829757840581349,
        2.8849129155620967,
        3.1856063858184416,
        3.465890506523851,
        3.5884638719959425,
        4.197943443814431,
        4.2379745542752305,
        5.09146427192284,
        5.066787316026182,
        5.2781521997772485,
        5.300748694186932,
        5.88129430963197,
        6.086354655311534,
        6.267665554938038,
        6.199764136454141,
        6.052544861295146,
        6.702056421800902,
        7.140518610736886,
        7.040616854676266,
        6.609090484349273,
        7.432813754215521,
        7.427900441220526,
        8.102572858585077,
        8.121804014483264,
        8.050101081242845,
        8.109209003712216,
        7.6117014651618575,
        7.998451054200638,
        9.268900751668372,
        8.930203955881177,
        8.712794477422303,
        9.054760153352733,
        9.64803592289815,
        9.358609597501726,
        9.1008733113678,
        9.126802831637177,
        9.473063768522765,
        9.748020203548263,
        10.134514251967916,
        11.210615142337302,
        9.298669897404622,
        10.13021751431093,
        10.146296306890596,
        10.810311088187333,
        10.611498349251054,
        10.39204702809677,
        10.38503302586223,
        11.482370899676885,
        11.790570364847584,
        11.239437978379485,
        11.208988949586097,
        11.696237128749923,
        11.191660898650078,
        11.55800769882466,
        11.277388638469024,
        11.089797519376711,
        11.900092859623607,
        12.204906253124706,
        11.752715688585694,
        12.88563147458681,
        11.350295479704336,
        11.959728183550578,
        12.123259502305983,
        13.223443894770698,
        12.939546111754012,
        13.188869852236516,
        12.21620999645769,
        13.532103790245337,
        12.850253857351447,
        14.102088949466259,
        12.587538590962994,
        13.042817919817553,
        13.366557618892246,
        13.349206456480374,
        13.13670759833546,
        13.985279173702711,
        13.281741073850043,
        14.495245361622494,
        12.6738434074078,
        13.935634908653052,
        13.653872197119256,
        14.044365270064219,
        13.697831051305009,
        13.668012240809073,
        13.71224735640058,
        14.557508372773176,
        13.17653710204972,
        14.74535647567015,
        14.460800481394623,
        15.277540177780319,
        14.087881362848872,
        15.054879777721224,
        14.612872344939664,
        14.4154697939877,
        15.360317145108024,
        15.328350280531517,
        14.694729875213971,
        15.731696693809537,
        15.272790705458798,
        15.844966948423831,
        16.079466070576192,
        16.66293560589052,
        15.109174786606157,
        15.884137592798583,
        15.315301868770428,
        15.959377787434793,
        14.989255265081313,
        15.127294003517985,
        15.648970891794312,
        15.836873234763079,
        15.545817561043329,
        16.773194252318778,
        15.987106299595416,
        16.57494043531739,
        16.92804410740111,
        17.88259332808609,
        16.594673985761688,
        17.294370892752813,
        16.59145022805453,
        16.562500647339807,
        16.065992627378243,
        16.586321482464683,
        17.523419410974455,
        18.274293965925533,
        16.956931498401328,
        17.27291938349964,
        17.07347742934362,
        16.918985041068403,
        17.686810457138822,
        17.996845402870438,
        17.43428424851764,
        18.07096904836922,
        17.72603602267404,
        17.731969124233217,
        18.593970656987445,
        18.5630872222728,
        18.514661457788907,
        18.873449264729576,
        17.456407861734494,
        17.803089480369938,
        17.910107464716077,
        18.063569599467925,
        17.20789103723292,
        17.738502411390225,
        18.038762513261634,
        18.364872179542154,
        19.268529123165248,
        19.02123735154188,
        17.71478073252933,
        17.66874987795708,
        18.054649525042517,
        18.28968950432943,
        18.78850794737311,
        18.77848195219476,
        19.236240630890553,
        19.62710555455058,
        19.326984260938147,
        19.640437043226072,
        19.83835963125174,
        19.828619787603735,
        18.412418102063732,
        19.52911830176057,
        19.826698193041786,
        20.164753033938425,
        19.416688646053128,
        19.740050559235,
        19.454936133920896,
        19.667312425022356,
        20.051515678738998,
        19.932179878147313,
        20.064444068382713,
        20.14508235201609,
        20.284047959952687,
        21.13027511716001,
        20.906293660497486,
        20.74134190937549,
        19.6326525109313,
        20.091115440001165,
        19.385402573972975,
        19.741834253372666,
        20.147107649287385,
        20.201915451173317,
        20.265288624684995,
        20.605451552111774,
        21.061016730403324,
        20.788921890759827,
        20.239224861808243,
        20.120892091534635,
        21.02578974547081,
        21.070441939970987,
        21.479105413635978,
        21.261678905667644,
        21.752036357962513,
        21.16320417398225,
        21.15445985714447,
        21.3760749808826,
        20.513835149729832,
        20.853528097467407,
        21.0811405724836,
        20.81102558535222,
        22.213035317268922,
        22.70617362184761,
        21.737391245763646,
        21.718869601254287,
        21.63563483201806,
        21.440268222333472,
        22.099029054213343,
        22.03681039309554,
        21.975130165873512,
        22.178859065882133,
        22.46629849669838,
        22.763502038831312,
        21.78242396961395,
        22.14555696249826,
        20.900665016941055,
        22.313079485334047,
        23.32058439178949,
        23.176764092545508,
        21.510934850064764,
        22.13335029817862,
        22.360209893896464,
        22.33793556231023,
        22.05265916488303,
        22.67943641182528,
        22.655858787517666,
        23.022379677821217,
        23.113999923999774,
        22.902764516180298,
        23.000478424525035,
        22.986669291022356,
        23.96883138719503,
        24.70258787870061,
        23.252727994963305,
        23.371562890447574,
        23.442179750209736,
        23.43235518590525,
        23.57516523280494,
        23.444495201457254,
        23.81410612855832,
        23.715610839909147,
        22.957847529575695,
        23.175037743563806,
        22.693754933609746,
        23.40814818024481,
        23.506134908915367,
        23.442416795078238,
        23.56769303721973,
        23.562304603376553,
        23.862753482606,
        23.883067356524656,
        24.045588538328055,
        24.703874390243104,
        24.601998338473813,
        24.245403400030128,
        24.258686827143542,
        24.11168049286079,
        24.069228017919617,
        24.968768651922,
        24.20538910954997,
        24.125063801036845,
        24.64978211655032,
        24.57267343621512,
        24.36757697528913,
        24.728902827536288,
        24.507931488546394,
        25.08284056105482,
        24.934180390437945,
        24.862281495865155,
        25.007128328242693,
        25.424109548290684,
        26.263279700250383,
        25.449757838808168,
        24.433151524723083,
        24.766951058004214,
        24.483991891672208,
        24.619266038556624,
