{
    "potentialAtlasResolution": 512,
    "potentialAtlasGrid": 1,
    "potentialAtlasChannels": 1,
    "potentialMax": 100.0,
    "potentialMin": 0.00038296421965293605,
    "statesAtlasResolution": 6144,
    "statesAtlasGrid": 12,
    "statesAtlasChannels": 3,
    "numberOfStates": 370,
    "resolution": 512,
    "length": 20.0,
    "mass": 1.0,
    "energyLevels": [
        1.0001849269819512,
        2.0009583742498096,
        2.0009583742498376,
        3.003781658355647,
        3.00372528546322,
        3.0017913899182482,
        4.01105326919748,
        4.011053269197538,
        4.0046271355375485,
        4.004627135537587,
        5.023828973167356,
        5.023826254009141,
        5.011501700299379,
        5.011532046683886,
        5.0072527767589685,
        6.069492288606017,
        6.069492288605974,
        6.024607988077319,
        6.024607988077406,
        6.014260297773808,
        6.014260297773854,
        7.057864459742614,
        7.057864563880317,
        8.251844048455215,
        8.251844048454956,
        7.070122236350568,
        7.0701433489502215,
        7.026414419506311,
        7.026606381188929,
        7.020587673462208,
        8.058467442960339,
        8.058467442960476,
        9.23760532134108,
        9.237598044559581,
        8.072234142292745,
        8.072234142292816,
        8.033051774198526,
        8.033051774198269,
        9.025769783489672,
        9.025883646577883,
        10.072601883931101,
        10.072513435416607,
        9.059114732270011,
        9.059070068752746,
        9.075431102987947,
        9.075133455446508,
        10.237981089319517,
        10.237981093427413,
        9.043741458868725,
        10.027235564115244,
        10.028936574479696,
        11.084950926809961,
        11.083284172204754,
        10.086647482466326,
        10.086646728954094,
        10.06462911305718,
        10.06462843001656,
        11.245914253915151,
        11.24685083033335,
        11.126937578842826,
        11.032895296151516,
        11.13477138677909,
        11.975507378431539,
        12.072833293570149,
        11.079070215681694,
        11.077788996057118,
        10.971450160454177,
        11.259281386909002,
        11.796224475943646,
        11.720468534378949,
        12.256697571072658,
        12.256661901608881,
        12.11710935557323,
        12.117109721552536,
        13.300056819029574,
        13.267200126941663,
        12.040025457139553,
        12.038413704553665,
        13.107169712998692,
        13.103671073706353,
        12.057395702520578,
        12.370742891381145,
        12.688865833235056,
        12.634430604602498,
        13.11235966485768,
        14.273729326940867,
        14.27360815851318,
        13.044813822855323,
        13.05398949048322,
        14.103354205594492,
        14.103665349618222,
        15.401632845538412,
        12.966127353469481,
        13.154485757758312,
        13.967472821393443,
        13.721972210510904,
        14.081281424099071,
        14.081897546518748,
        15.925431520575632,
        15.229779511679265,
        12.96705165295785,
        13.639238633106293,
        13.204294430077704,
        13.77326925039639,
        14.220382122564953,
        14.01746132716449,
        14.758108195179652,
        14.774205933453329,
        15.103160019262125,
        15.083199518738745,
        16.181463823678484,
        16.17378839998617,
        16.251100464862557,
        16.273304511854207,
        17.273525001292093,
        15.895214513306408,
        14.225154246667048,
        14.324848138444217,
        14.806466060481643,
        14.398900667397784,
        14.995462568211032,
        15.713933016976238,
        15.218652679174397,
        15.913212508624452,
        16.062393276566368,
        16.89232355554263,
        16.30705996555205,
        16.78030862811894,
        14.964246886158522,
        15.844132253399746,
        15.87744938635893,
        14.94513819295353,
        17.055476872624865,
        18.029347416230735,
        18.030684058433813,
        16.594639871193838,
        17.042838902512145,
        17.14029246859684,
        17.594494546798554,
        17.70710389174692,
        17.381410061096396,
        18.69147425365767,
        16.931922096066298,
        18.220382907776038,
        16.055442148254365,
        16.729481488907602,
        16.513998568050127,
        16.6315199367367,
        16.36497218837488,
        16.58426075350433,
        15.867396899618509,
        15.89080532937137,
        17.01686743031813,
        17.718308550507786,
        17.1136023920599,
        17.82975537262626,
        17.36319340594609,
        16.374911681695725,
        16.686654046034583,
        16.96275983574578,
        18.69178887667595,
        18.977615906051277,
        18.541866280317645,
        18.702930606932654,
        18.803226853989536,
        19.08078035634356,
        18.61736424539597,
        19.39960364135046,
        18.264710855963195,
        18.257850363351373,
        18.71428155967997,
        18.58752952532225,
        17.0921775101376,
        17.480203787922697,
        17.87140936530391,
        17.502470105629673,
        19.317242149787024,
        19.069457065774724,
        19.43127473861121,
        19.737175316057495,
        20.65728375882795,
        20.175572401836334,
        19.54495351562864,
        19.569581976400816,
        18.894395718256053,
        18.871343357653306,
        18.511370940645968,
        18.788749369549137,
        19.823555839641884,
        20.573365396914497,
        20.389506865543762,
        20.14051339781688,
        18.771367022927674,
        19.02213238626317,
        18.611169341054644,
        18.396400120427185,
        19.161147335424673,
        19.02574768786332,
        19.747915012031083,
        19.886178849023725,
        20.572960000473405,
        20.7598584487726,
        20.66561053923909,
        20.61710547444102,
        20.53254656277705,
        20.717696339923858,
        20.44315484854329,
        20.72058824954688,
        20.903431979419047,
        20.8564084338497,
        20.7162056415629,
        20.81699592618295,
        19.254087579333124,
        19.564802831391884,
        19.412240611539755,
        19.60713590479096,
        20.898922747683006,
        21.08329159392296,
        21.714189171788252,
        21.761407744706222,
        21.549613611683206,
        21.518194897152718,
        21.132392512833455,
        22.064673100171877,
        20.45920284367174,
        20.136236104076794,
        20.050278898075977,
        20.064494196730333,
        21.83310160124995,
        22.192620433410163,
        22.05683586820276,
        22.253479763281177,
        22.206644635634355,
        21.96951951092926,
        22.239602148584023,
        22.01247402889502,
        21.502171399037888,
        21.3438195411689,
        21.559604932581685,
        21.49264826452545,
        22.07093974902476,
        22.162294247437426,
        22.524931692390417,
        22.371742134702238,
        22.304723652371973,
        22.09322528243135,
        22.281300185714386,
        22.83554765848107,
        22.09497388866289,
        22.04665599004225,
        22.06364091303319,
        22.09525654299987,
        21.51433561351129,
        21.36994302405789,
        21.34692661748762,
        21.545958826106805,
        23.10492743877057,
        23.204238112455435,
        23.688691001846156,
        23.442394458168216,
        22.081896135075635,
        22.15081165448169,
        21.814022270034595,
        21.996789854407545,
        22.8723226371603,
        23.470672492005068,
        23.37395657820003,
        23.759929247714187,
        23.32697002931043,
        23.504901870019577,
        23.831544993152725,
        23.756222840472258,
        24.299088396070175,
        24.114471303972003,
        24.013522855360858,
        24.669594179556064,
