{
    "potentialAtlasResolution": 512,
    "potentialAtlasGrid": 1,
    "potentialAtlasChannels": 1,
    "potentialMax": 100.00478705274566,
    "potentialMin": 0.009574105491323889,
    "statesAtlasResolution": 6144,
    "statesAtlasGrid": 12,
    "statesAtlasChannels": 3,
    "numberOfStates": 374,
    "resolution": 512,
    "length": 20.0,
    "mass": 1.0,
    "energyLevels": [
        2.0029971218795786,
        2.0466314632216656,
        3.0037011408379506,
        3.047382548247858,
        4.006410205681447,
        3.9907491240436803,
        4.049606307021894,
        4.058717739806086,
        5.01291962943529,
        5.056753768237687,
        4.990677165688837,
        5.0593635671946675,
        6.025917883894959,
        6.068652632013791,
        5.984941586027593,
        6.073954295253636,
        5.993396866898891,
        6.062149724178042,
        7.0709705193280445,
        7.114963402524027,
        6.984880283523762,
        7.074965013486877,
        6.999507658864792,
        7.068481507065264,
        8.059371432031,
        8.10413209282388,
        9.238596164514302,
        9.282658511898907,
        7.986795787862633,
        8.091675674448098,
        8.011967019940688,
        7.987537191384912,
        8.077713306320874,
        8.081174140124567,
        9.054036546109577,
        9.123108656261776,
        8.991029143295258,
        9.087296134172641,
        8.993581950384876,
        9.083877299530329,
        10.028142045942797,
        11.088846768595195,
        10.072156004579735,
        11.132614026351831,
        10.044326562993799,
        10.113433876094716,
        11.226121254306276,
        11.294889927796227,
        10.005547354962962,
        10.096009871303993,
        9.989477831792094,
        10.093935429207985,
        9.99013887301105,
        10.092658330225873,
        11.048395205034934,
        11.138781632666682,
        11.049768058156907,
        11.047049495632143,
        11.013083529960229,
        11.071199948082585,
        12.020412572454562,
        13.07729446095175,
        12.094488728290859,
        13.127145378403748,
        12.04023342539973,
        12.13049050690419,
        11.966294208243074,
        12.92740706656521,
        12.010602534686164,
        12.971358141981979,
        13.210823654207756,
        13.300311917370456,
        12.008298494857168,
        12.112852177959336,
        11.991651846986574,
        12.097130783712837,
        13.059473248676374,
        13.140468745390262,
        11.983939774673777,
        12.113757801608683,
        14.11232761840463,
        12.99103157460887,
        13.106984116568805,
        14.014537782002817,
        15.06964544445674,
        14.107442046275144,
        15.152504553373648,
        14.041641368142814,
        14.14631599930842,
        15.334455514249642,
        15.240667366266795,
        13.958314814168936,
        14.919119794215325,
        14.066054180719751,
        14.955631295840407,
        13.085297236854023,
        13.007658685079265,
        15.121624720524808,
        14.00752552226131,
        14.113915480453374,
        13.953414934310546,
        14.83699593328601,
        14.744107684135871,
        14.132779484304601,
        15.110657483267453,
        15.093559965057713,
        13.983574339422034,
        14.111717677403878,
        16.12863277420829,
        16.025265065769755,
        16.351209504426475,
        16.57083667367883,
        17.06793968680235,
        16.00986929760689,
        16.655814552327733,
        16.447284006381967,
        16.418566532112422,
        16.04072893074275,
        16.158318162577395,
        14.35829532716861,
        17.21480191235379,
        17.341636987486588,
        15.460627418528682,
        15.399862597448703,
        17.113217501672633,
        15.754132471534524,
        15.888591834318666,
        15.930753878672062,
        16.85376384350518,
        16.931212509924375,
        15.999641424476899,
        16.001335366650554,
        16.119959701544964,
        15.37256612634138,
        18.122947495436836,
        16.75667455530264,
        16.885851572685866,
        17.968194557994924,
        18.315638883114257,
        18.164204581892328,
        17.93986103685111,
        18.059080106465522,
        18.105957062759348,
        17.82801058963801,
        17.739710262160052,
        17.775922128873933,
        17.555842904838038,
        18.392551071505892,
        16.27117869259591,
        17.06013672574374,
        17.37453919328258,
        17.014534338383285,
        16.476766064054008,
        17.75910315911954,
        17.886182565471515,
        18.049970058576424,
        18.7461877369207,
        18.02186411676303,
        18.946857964462367,
        18.056983928697043,
        18.12454079598151,
        18.93903674178609,
        19.257936788386026,
        19.12578019582628,
        18.976457980553857,
        19.423754689039367,
        18.769679627733925,
        18.743711721632266,
        19.934455016314352,
        19.42896286359234,
        19.96666582951042,
        19.126872252057375,
        18.45442811447179,
        18.04466875633158,
        18.927704588348274,
        18.314720705257475,
        18.651251701379802,
        17.853220422623444,
        17.99730689546679,
        19.781653883117105,
        19.89046034859794,
        19.937764723926144,
        20.474708392716494,
        20.46268443828447,
        20.902635141847814,
        19.935980464552806,
        20.15389913317179,
        20.467123124438086,
        20.937147683986083,
        19.991037532129702,
        21.082877981212487,
        20.98731689188187,
        20.96666552056879,
        20.83246653292809,
        19.123446261127963,
        19.016534084828397,
        20.69154006680984,
        19.557362554445778,
        20.442585507129937,
        20.08148825535824,
        20.09940118948926,
        21.327249289952963,
        20.07560215892618,
        20.739408710174175,
        20.866284072960205,
        20.140815772771468,
        21.686527072696453,
        20.71168791429948,
        21.632416961498407,
        21.65772024055641,
        19.879436681265656,
        19.990640540824227,
        21.452008087807634,
        21.633300255550473,
        22.09983944106975,
        21.98198665361467,
        21.829147992325748,
        21.83799793280709,
        22.099128547376214,
        21.730095872430965,
        22.126592993082262,
        22.34227439819029,
        21.27383306595807,
        21.416140068722918,
        21.99345477564068,
        22.71657317279276,
        22.037346262051475,
        22.873947561740074,
        22.48448126190526,
        22.403519176649795,
        22.563251804161556,
        22.22199513365796,
        22.55372098791286,
        22.603867475062053,
        21.514953070439162,
        21.695508061192637,
        21.564629571853388,
        22.01017246372332,
        21.881007733503736,
        22.012131740748185,
        20.072343356364936,
        20.78095213219656,
        22.817056536317402,
        22.993678849961288,
        22.33019958064946,
        22.310366168036445,
        23.582693016141015,
        23.253025205335426,
        22.98975354647847,
        23.33785857335225,
        23.781007537840747,
        23.299683000789162,
        23.142982002237147,
        23.136105278263173,
        22.558702985495756,
        22.944079884021864,
        22.375721780045808,
        22.911058664472055,
        23.481410346852766,
        23.77468087902128,
        23.01996755447758,
        22.811541866183816,
        23.832886437466527,
        23.806171120018607,
        23.104467156601533,
        22.732210120907734,
        23.859913620147555,
        24.092842773045533,
        24.23482412481439,
        24.15829793986798,
        23.888120443735847,
        24.09906125533564,
        24.800587753990477,
        23.750266163525776,
        22.445297519861967,
