{
    "potentialAtlasResolution": 512,
    "potentialAtlasGrid": 1,
    "potentialAtlasChannels": 1,
    "potentialMax": 100.29124428904608,
    "potentialMin": 0.00038296421965293605,
    "statesAtlasResolution": 6144,
    "statesAtlasGrid": 12,
    "statesAtlasChannels": 3,
    "numberOfStates": 372,
    "resolution": 512,
    "length": 20.0,
    "mass": 1.0,
    "energyLevels": [
        1.5170394302303425,
        2.2531400674769047,
        3.1114078840949926,
        4.097827299622453,
        3.666662227220338,
        3.73644115878281,
        4.963116225016434,
        5.0011949898075105,
        4.96538593529474,
        5.036868656816145,
        5.580408398744985,
        6.050599138779447,
        6.08207815843254,
        7.054438887157743,
        6.124239848458618,
        7.818784981601425,
        6.342234182744655,
        7.328145546198941,
        6.995998925203284,
        7.189668494577385,
        8.069653703571385,
        7.279171843795815,
        7.385230288462732,
        8.106173577914621,
        9.079332475726469,
        10.131611630678096,
        8.257941327066998,
        8.810072095581633,
        8.726155364968776,
        8.889458718746818,
        9.757710316049188,
        9.279103758310288,
        9.306406143233637,
        9.153032654950254,
        10.38716374633654,
        11.372701593631838,
        9.17525405152048,
        9.26092128828806,
        9.518434181586334,
        9.640712175342873,
        10.962486776789959,
        11.81966389595406,
        10.44039998478429,
        10.586061585948421,
        10.700129153284289,
        11.938238698360152,
        10.704193927761896,
        12.047145475214482,
        10.743145626638423,
        10.898988505956149,
        11.053569388279866,
        12.301061722653243,
        11.14580751781413,
        12.351157344989852,
        12.840665054461876,
        12.633220254310887,
        11.444207409025681,
        11.524348420634036,
        11.744508956142088,
        12.901676974009852,
        11.856237705285563,
        11.837254845860137,
        12.72477214739589,
        13.454054857516049,
        12.852621791596034,
        13.715070247587178,
        12.685104905803971,
        13.805222009053471,
        12.922818531492542,
        13.859566785283276,
        13.279647112411238,
        12.939979145569229,
        14.153506745892434,
        14.254294877748995,
        13.562812334425786,
        13.977868436955962,
        13.132400715256034,
        15.018461896314458,
        13.570312008064578,
        13.902732506019362,
        14.631363527818985,
        15.163420135249316,
        14.56008229776599,
        14.951492433715394,
        14.010279248943126,
        14.152027050065376,
        14.96239469017967,
        14.967156547933007,
        14.964093235629798,
        14.282323583181764,
        15.515598342444676,
        16.245711227341673,
        15.637658022631973,
        16.205649863230025,
        15.231013585276308,
        16.05089515305027,
        15.321194536186319,
        16.068997746942305,
        14.989069140242204,
        15.637965012731257,
        14.89686609900842,
        15.830094066429556,
        15.842979710086327,
        15.886092230758463,
        16.606162599095487,
        16.77550560822583,
        15.466426990360459,
        16.479528511042076,
        16.05775741171829,
        15.900019756977656,
        16.190063695019745,
        16.091909164453433,
        16.655283901740532,
        17.042702365077623,
        17.4016829511513,
        17.86388034001989,
        17.493716222418026,
        17.87665843904022,
        17.688258577316486,
        17.7841394385098,
        17.764653579107446,
        17.85197696880015,
        17.719379035876283,
        17.557581219864687,
        16.73426770866743,
        18.262567053244034,
        17.194700159018893,
        18.12678077674454,
        17.46093237984898,
        17.94606487037786,
        17.93681959856385,
        16.937911669916858,
        17.97716142010134,
        18.12245555317959,
        19.26414910161804,
        19.19870405336899,
        16.96057315653636,
        17.71535701841711,
        17.01436068063987,
        17.797197006780074,
        18.005179167946356,
        18.942044926720683,
        19.202293552989584,
        19.025754085144715,
        19.448934185667774,
        19.751084579842573,
        18.680004754762425,
        18.1102839463519,
        18.511423190620516,
        19.203371256004647,
        18.365806086528895,
        19.842638502770008,
        19.453179554723604,
        19.732168536934353,
        19.5643797790975,
        19.766077286095523,
        19.980242209577657,
        20.085887821369216,
        20.261484865400078,
        19.80359596957442,
        20.407236334366907,
        20.88225789226054,
        19.572773508356953,
        19.775903320964364,
        19.292246441484668,
        20.07089422041775,
        19.32608275209298,
        20.182172114721673,
        20.365654525147875,
        20.306599722718815,
        20.3070542159905,
        20.21038216477685,
        21.414475703312124,
        20.533457759635727,
        20.298709484683204,
        20.198748633070238,
        20.812155236398397,
        20.10691925794984,
        20.98862587150771,
        21.031979792861392,
        20.977904615101583,
        22.19160879741164,
        21.472997375713646,
        21.52852746504962,
        21.49725449924716,
        21.683086201926574,
        20.42892750519423,
        21.16137047513324,
        20.35740355418072,
        20.403480870083115,
        21.437863777556686,
        21.40892351179849,
        21.482450261157883,
        21.92754598871153,
        21.70533849104164,
        22.069032742142564,
        22.153477178550826,
        21.994047379552892,
        21.532257753822048,
        23.012998779292012,
        21.640925405935604,
        22.747211770368875,
        22.35865199751231,
        22.284670105806253,
        21.41805166797665,
        21.48587254442776,
        22.351155095655706,
        22.924135359402324,
        23.41864890628978,
        23.3078820207248,
        21.432859909977545,
        22.279291569759476,
        21.467037348343855,
        22.260013956589567,
        22.121684366960196,
        22.652196693095426,
        22.83716353037437,
        23.290817066395988,
        23.230065861339387,
        23.265850298550905,
        22.936499172808475,
        24.187889313222325,
        24.197640327337258,
        24.261072274420407,
        23.29951423265053,
        23.279194443040854,
        23.449223485576702,
        23.67306705307813,
        24.356006354397373,
        23.62860724341368,
        23.755192075249973,
        23.70438472523551,
        24.208498960987818,
        23.994864132459714,
        22.78075257074879,
        23.040267479098382,
        23.299598484987943,
        23.536907286562986,
        23.022900149785304,
        23.33279623356969,
        24.50436248831983,
        24.32556455891079,
        24.135538858879862,
        24.06860460048357,
        24.038527771842176,
        24.13532802313585,
        25.099042334901966,
        24.944910147513575,
        25.473514978203042,
        25.38553485522077,
        24.285388633654517,
        24.462219482747333,
        24.71999718918376,
        25.08063655924089,
        24.779643955846137,
        24.848423293254392,
        24.547106656489834,
        25.427786705740413,
        25.44916715514605,
        25.37895448859835,
        25.453462850293548,
        25.809742863054367,
        25.397750832210356,
        25.134479301512393,
        25.532428913443358,
        26.24117248392645,
        24.60697062387308,
        24.52636008756811,
        24.387050261614426,
        24.383106713107328,
        24.663229782355632,
        24.300592494316184,
        25.957053717098972,
        26.068671415722385,
        25.842455383977565,
        25.927775273939975,
