{
    "potentialAtlasResolution": 128,
    "potentialAtlasGrid": 1,
    "potentialAtlasChannels": 1,
    "potentialMax": 1.0,
    "potentialMin": 0.0,
    "statesAtlasResolution": 1536,
    "statesAtlasGrid": 12,
    "statesAtlasChannels": 3,
    "numberOfStates": 377,
    "resolution": 128,
    "length": 20.0,
    "mass": 1.0,
    "energyLevels": [
        0.02503111387110618,
        0.06256615574944398,
        0.06256615574944914,
        0.10010300713459996,
        0.12508876004294864,
        0.12508856426897694,
        0.16262850819947933,
        0.16262850819947802,
        0.21255426344137196,
        0.21255426344138226,
        0.22515896507773656,
        0.250098236885116,
        0.25009829556738733,
        0.3126356017337379,
        0.31263560173373695,
        0.3249130226271854,
        0.32491253875533554,
        0.36246208010484887,
        0.36246208010484987,
        0.4001217852357724,
        0.4250097852879305,
        0.42500657518669066,
        0.46211352287660634,
        0.46211352287657803,
        0.49967057036519363,
        0.4996679114026625,
        0.5125065276473685,
        0.5125065276473578,
        0.5622259605965934,
        0.5622259605965622,
        0.6241096074448468,
        0.6241088133399733,
        0.6249067669571148,
        0.6497381096745182,
        0.6497399833460136,
        0.6616724552767745,
        0.6616724552767757,
        0.7242436080483854,
        0.7242396498968232,
        0.7621580659515436,
        0.7621580659515382,
        0.8108585059153295,
        0.8108585059153254,
        0.8117719950692157,
        0.8117719950692094,
        0.8484320340068313,
        0.8484287216282073,
        0.9110138218752044,
        0.9110138218752382,
        0.8994321145514335,
        0.9242217697319197,
        0.9242043043184925,
        0.9985634341124747,
        0.9985645481895269,
        1.0223277547685559,
        1.0223267021736422,
        1.059908818057709,
        1.0599088180577065,
        1.061513768768622,
        1.0615137687686407,
        1.1225120722251611,
        1.1225046034468924,
        1.1110302513198653,
        1.1110302513198558,
        1.2100808084848569,
        1.210080808484841,
        1.2584884387558417,
        1.2584884387558337,
        1.2236267003415544,
        1.2483701186836138,
        1.2483530273844752,
        1.2960817855707596,
        1.2960798425676106,
        1.3225855600273086,
        1.3225654151436033,
        1.35869820501634,
        1.3586982050163208,
        1.4462876908154076,
        1.44630299765528,
        1.4105104493503065,
        1.4105105532888573,
        1.5193222680093563,
        1.5193211265473348,
        1.459941209898347,
        1.4599412098983475,
        1.5569259274472043,
        1.5569259274471727,
        1.558821687657604,
        1.5588216876575387,
        1.6195583825303719,
        1.619567503562324,
        1.5974351571676204,
        1.6221088844033207,
        1.622151978541422,
        1.70718740691358,
        1.7071874069136204,
        1.6961981590915864,
        1.6962532579382181,
        1.8048118455356386,
        1.8048118455355735,
        1.8424278398130751,
        1.8424300869240053,
        1.8197549453023338,
        1.8197416721457924,
        1.9050873216911404,
        1.905087321585881,
        1.809119526992524,
        1.8091015633106997,
        1.8584596722071962,
        1.85845967274961,
        1.9927474446854787,
        1.9927353177580827,
        1.9571942728024385,
        1.9571942730303282,
        2.113699143032939,
        2.1136992826503596,
        2.151317753136534,
        2.151317753125322,
        2.0208201389068923,
        2.1042111674316475,
        2.1042111675864668,
        2.0444512492519875,
        2.0445252352717174,
        2.2139764547659553,
        2.213978075467419,
        2.118404917966797,
        2.118414491515591,
        2.3016313004129954,
        2.301631300467859,
        2.2416284308372543,
        2.241653742584141,
        2.4482041529105394,
        2.448204152912088,
        2.2561418090667247,
        2.2561431500894753,
        2.485837622861714,
        2.4858376641183293,
        2.3053891290775614,
        2.305386434454121,
        2.414230554345347,
        2.4142258090961346,
        2.4039237965301985,
        2.403923796343963,
        2.5485217625444,
        2.548521762536883,
        2.5517169287895696,
        2.551716928622367,
        2.636210887562934,
        2.6362097500860537,
        2.4927398086114136,
        2.517262487422596,
        2.5171097114623016,
        2.807914083744203,
        2.8079139158687814,
        2.5912689632147012,
        2.5912095808000166,
        2.845563710484904,
        2.8455637104805995,
        2.749318067198529,
        2.7493180672297117,
        2.714409673800245,
        2.7143905823126504,
        2.9082738446189897,
        2.908275384398534,
        2.8868604103513125,
        2.886861338603085,
        2.9960004357674825,
        2.996000442916927,
        2.753836975759512,
        2.75383697389664,
        2.803087011878495,
        2.8030858445046962,
        3.191774526450003,
        3.191774526450609,
        2.9015402533467807,
        2.901538137433308,
        3.2294414263531013,
        3.229440644494624,
        3.108685956022866,
        3.1086911123022873,
        3.0492584229571325,
        3.049258422892174,
        3.2921797099159824,
        3.292179709912313,
        3.0151464343112986,
        3.0398449999463293,
        3.0396623262433513,
        3.246287856047196,
        3.2462878561042,
        3.379941557443343,
        3.379946218072885,
        3.113472250395016,
        3.1134373842178467,
        3.600581093565627,
        3.6005806373066074,
        3.236645094536349,
        3.2366398638736773,
        3.6382648654449103,
        3.638264865441051,
        3.4929544525099168,
        3.492954452526999,
        3.408975334029255,
        3.4089669245573826,
        3.701032908568634,
        3.701031972519469,
        3.301063137934604,
        3.3010631376059543,
        3.350248165959972,
        3.350248167125498,
        3.6306114931750377,
        3.6306149575270825,
        3.7888367965177885,
        3.788836796265374,
        3.4486365007054993,
        3.448637042051747,
        4.03373162137105,
        4.033731621371889,
        3.596259004320517,
        3.5962576737771816,
        4.071432930450971,
        4.071434734502375,
        3.9016258831006394,
        3.9016250773385623,
        3.7931469196615164,
        3.7931469195115315,
        4.134231503266555,
        4.134231503252118,
        3.5870943231125993,
        3.611716379028751,
        3.6116647225199263,
        3.6853566561441924,
        3.6855559824965023,
        4.039346442269457,
        4.039346442372906,
        4.222076525381494,
        4.2220787911257665,
        3.8083419310123134,
        3.808338159479979,
        4.491667153476318,
        4.491666601139766,
        3.980630180782728,
        3.980603164839261,
        4.5293876802023565,
        4.529387680204797,
        4.33506089088769,
        4.335060890883298,
        4.202066526864928,
        4.202081575084187,
        4.592219208623148,
        4.592212943208188,
        3.897815633423731,
        3.897815633618585,
        3.946945511761774,
        3.946945512262558,
        4.045270370509038,
        4.045270371380909,
        4.680104938298459,
        4.68010493829359,
        4.472838389745716,
        4.472853566321454,
        4.192786407919356,
        4.192787275001701,
        4.974095013946242,
        4.974095013945873,
        5.011834408077221,
        5.011835483796878,
        4.389525212310078,
        4.389524682582576,
        4.792994253762429,
        4.793008306778634,
        5.0746953903373955,
        5.0746953903455525,
        4.635527504574727,
        4.635527504652409,
        4.208626326632236,
        4.233035151260074,
