{
    "potentialAtlasResolution": 128,
    "potentialAtlasGrid": 1,
    "potentialAtlasChannels": 1,
    "potentialMax": -2.910162201806073,
    "potentialMin": -4.470321674623435,
    "statesAtlasResolution": 1536,
    "statesAtlasGrid": 12,
    "statesAtlasChannels": 3,
    "numberOfStates": 377,
    "resolution": 128,
    "length": 20.0,
    "mass": 1.0,
    "energyLevels": [
        -3.49357580826407,
        -3.4841938478271466,
        -3.48418779969519,
        -3.4840354363752173,
        -3.4840365324445868,
        -3.475490237494142,
        -3.475338819808896,
        -3.475340889954525,
        -3.4751861104405566,
        -3.0263777922438586,
        -3.0263763733187883,
        -3.0262575929744298,
        -3.0262556245060894,
        -3.0069361011507225,
        -3.0067480632000474,
        -3.006753912317448,
        -3.0065265098507976,
        -2.986476855078113,
        -2.9861442261070583,
        -2.986142834736539,
        -2.9857976070807837,
        -2.8877161382087215,
        -2.8522061617877377,
        -2.8522061617877608,
        -2.831350460666287,
        -2.831347212376898,
        -2.83107123001188,
        -2.8310708562325058,
        -2.792963301516239,
        -2.792963301019597,
        -2.7924169330717783,
        -2.7924168482053253,
        -2.7336752755648472,
        -2.7384114492691145,
        -2.738441380145449,
        -2.738263567988043,
        -2.738302113931174,
        -2.5319351707373174,
        -2.53131521582923,
        -2.531315214755272,
        -2.5306995777313213,
        -2.528011375726451,
        -2.528011091519163,
        -2.527054692367026,
        -2.5270546923080124,
        -2.5226866559447885,
        -2.5227285154063392,
        -2.5227286513292,
        -2.5226891422288125,
        -2.488895331231469,
        -2.488895331087175,
        -2.488310681439742,
        -2.488309959530839,
        -2.4420872843378874,
        -2.4415763046882097,
        -2.4415768695447375,
        -2.441055590515179,
        -2.320883619675979,
        -2.3097387178847164,
        -2.3097387178847075,
        -2.302565262731982,
        -2.1930019553248217,
        -2.192994622173605,
        -2.193032470875825,
        -2.193094825306645,
        -2.180343118783188,
        -2.1800063849322435,
        -2.1800063848791313,
        -2.1796701390972317,
        -2.0685754067086357,
        -2.068503756143799,
        -2.0683704749272014,
        -2.0683977979352948,
        -2.0709516945017725,
        -2.070306133810702,
        -2.0703061239743943,
        -2.069666089290942,
        -2.0232112805111475,
        -2.0227693904540347,
        -2.0227462355258914,
        -2.022326698190043,
        -1.983397718107092,
        -1.9833716650539555,
        -1.9833907862316766,
        -1.983372244551329,
        -1.9713324498266376,
        -1.971332439909291,
        -1.9712813245008545,
        -1.971282153308131,
        -1.768762168098605,
        -1.76849446159649,
        -1.7684878718521482,
        -1.7682387859505426,
        -1.710478895806054,
        -1.7102043052296811,
        -1.7102009217517633,
        -1.70993170355068,
        -1.5614582021211572,
        -1.5353879469804466,
        -1.5353879469825022,
        -1.5457355361694072,
        -1.545735536636185,
        -1.5448195597205556,
        -1.5449941313595001,
        -1.539562146457604,
        -1.5381364166780611,
        -1.5399537099757779,
        -1.5399537301478063,
        -1.642862337667125,
        -1.6397377317783088,
        -1.639738126100604,
        -1.640223318784586,
        -1.512018873132691,
        -1.5126547126833887,
        -1.5126539889545834,
        -1.5115573940403362,
        -1.5115573941020632,
        -1.5085957915838857,
        -1.5085957940494374,
        -1.5076950832065363,
        -1.507697051949838,
        -1.1993954636475972,
        -1.1994409351453479,
        -1.1994587131155163,
        -1.1993572528249539,
        -1.1991636586779384,
        -1.1991262153439513,
        -1.199059560991412,
        -1.1990576569193614,
        -1.1966118844270426,
        -1.1967619471369466,
        -1.1966343164352775,
        -1.1979605107202178,
        -1.1970816931878994,
        -1.1978738000994777,
        -1.1979165226462722,
        -1.197916523505099,
        -0.9044037542582917,
        -0.9044037538022303,
        -0.9044503992189754,
        -0.9044154053755227,
        -1.0473622218369738,
        -1.0376804687564625,
        -1.037680468756212,
        -0.8961610729463221,
        -0.8949648051001793,
        -0.8949648771589414,
        -0.894092023288291,
        -1.0281106988751056,
        -0.8776882839838605,
        -0.8776480028646723,
        -0.8776480256520496,
        -0.8772459794462995,
        -0.9573027737484372,
        -0.9522951667731929,
        -0.9522951667729491,
        -0.9480551842614506,
        -0.7614525750446401,
        -0.7613385461264874,
        -0.7613383933025526,
        -0.7612247935619605,
        -0.5666381540357586,
        -0.5654941563402334,
        -0.5654962883706562,
        -0.564860623415365,
        -0.5919831022562647,
        -0.585584984870009,
        -0.6461085064190626,
        -0.5984946307920906,
        -0.6387937936179062,
        -0.6433325948131445,
        -0.6101862409930514,
        -0.597291367986041,
        -0.6623106407251078,
        -0.66231026016608,
        -0.6621724613130318,
        -0.6627082819433951,
        -0.18054855595544073,
        -0.18054857265984747,
        -0.18064929667007767,
        -0.18062689113375718,
        -0.14156620042349832,
        -0.1412737691635808,
        -0.14127376826261884,
        -0.14093738713616677,
        -0.15503551374588476,
        -0.15511608308893887,
        -0.15511608760890905,
        -0.15523328285248095,
        -0.3615655762410057,
        -0.36156937156398783,
        -0.36150114076494955,
        -0.3614997457537079,
        -0.3472051741017186,
        -0.3472051630933972,
        -0.347142689809103,
        -0.3471431293733245,
        -0.22285989769623615,
        -0.22285989994090727,
        -0.22278104500043128,
        -0.2227930889613594,
        -0.21033288879788525,
        -0.2103519990906122,
        -0.21027630501327899,
        -0.21027630748855852,
        -0.07092273997626819,
        -0.07101143118148023,
        -0.07101143330908588,
        -0.07110434382292752,
        0.16732608199259946,
        0.16734255191820413,
        0.16736172815216488,
        0.16734880393202545,
        0.17591473661776647,
        0.1758217535319515,
        0.17585922004629584,
        0.1758874925551419,
        0.022262846555019422,
        0.022120672864886615,
        0.022120708894582286,
        0.021993150747920076,
        0.5856653003290369,
        0.6233236223849756,
        0.6233236218990212,
        0.6710867318183134,
        0.6831340521572979,
        0.6831340491678803,
        0.6834512558524422,
        0.6834410060773903,
        0.6835570780088176,
        0.6835667390738731,
        0.6839312312694927,
        0.6839335396389261,
        0.37152720706681475,
        0.371505041896679,
        0.3715184126558242,
        0.37153036117756866,
        0.3870327006057881,
        0.38701274918496953,
        0.3871938894248377,
        0.38689292445368384,
        0.3179019853054159,
        0.3581769267896968,
        0.3581769264322521,
        0.38741049584694753,
        0.4188758585852206,
        0.41887584999715877,
        0.41900974922722334,
        0.41898120850451015,
        0.4174758930995299,
        0.4174931158051667,
        0.4176353905275576,
        0.41764292051892227,
        1.0046064348608175,
        1.0045975450903208,
        1.0046015646889765,
        1.0046460041415068,
        1.0046984389580835,
        1.0047580450647366,
        1.0047833174735565,
        1.0047272112905556,
        0.7118512015129923,
        0.7117889556456056,
        0.711747166372457,
        0.7118552874002431,
