{
    "potentialAtlasResolution": 128,
    "potentialAtlasGrid": 1,
    "potentialAtlasChannels": 1,
    "potentialMax": 1.0,
    "potentialMin": 0.0,
    "statesAtlasResolution": 1536,
    "statesAtlasGrid": 12,
    "statesAtlasChannels": 3,
    "numberOfStates": 375,
    "resolution": 128,
    "length": 20.0,
    "mass": 1.0,
    "energyLevels": [
        4.584575991404707e-16,
        0.0491548276518496,
        0.04915482765183603,
        0.04915482765184335,
        0.04915482765185934,
        0.09831335127985194,
        0.09831335127985619,
        0.0983133512798567,
        0.09831335127985649,
        0.19661190807114742,
        0.19661190807115064,
        0.19661190807113263,
        0.1966119080711393,
        0.24578148737263003,
        0.24578148737262476,
        0.24578148737261538,
        0.2457814873726284,
        0.2457814873726196,
        0.2457814873726155,
        0.2457814873726167,
        0.24578148737261654,
        0.39328269396309234,
        0.3932826939630556,
        0.39328269396309423,
        0.39328269396308946,
        0.4423490347639752,
        0.4423490347639882,
        0.4423490347639614,
        0.4423490347639739,
        0.49153693300055395,
        0.4915369330005616,
        0.49153693300052487,
        0.4915369330005509,
        0.4915369330005733,
        0.4915369330005457,
        0.49153693300054097,
        0.49153693300054874,
        0.6390929363319335,
        0.6390929363319388,
        0.6390929363319389,
        0.639092936331932,
        0.6390929363319227,
        0.639092936331945,
        0.6390929363319336,
        0.6390929363319419,
        0.7863292006230296,
        0.7863292006229673,
        0.7863292006229327,
        0.7863292006229827,
        0.8355425214241873,
        0.8355425214241848,
        0.835542521424158,
        0.8355425214241932,
        0.8355425214241698,
        0.8355425214241943,
        0.835542521424194,
        0.835542521424165,
        0.8849939746958995,
        0.8849939746959343,
        0.8849939746959514,
        0.8849939746959208,
        0.9831745700498683,
        0.9831745700498911,
        0.9831745700499753,
        0.9831745700499214,
        0.9831745700499801,
        0.9831745700499532,
        0.9831745700499633,
        0.9831745700499369,
        1.228500603500358,
        1.2285006035003627,
        1.228500603500366,
        1.2285006035003454,
        1.2292016115287634,
        1.2292016115287239,
        1.2292016115287339,
        1.2292016115288178,
        1.2292016115286988,
        1.2292016115287834,
        1.2292016115287054,
        1.2292016115287512,
        1.277746229294964,
        1.2777462292949653,
        1.2777462292949646,
        1.2777462292949389,
        1.2777462292949466,
        1.2777462292949708,
        1.2777462292949813,
        1.2777462292949957,
        1.4254749098465689,
        1.4254749098465773,
        1.425474909846528,
        1.4254749098465385,
        1.4254749098465325,
        1.4254749098465582,
        1.4254749098465627,
        1.425474909846571,
        1.5735841087189448,
        1.5735841087189584,
        1.5735841087187838,
        1.5735841087192763,
        1.6716620639500581,
        1.6716620639500823,
        1.6716620639501285,
        1.6716620639501203,
        1.6716620639500852,
        1.6716620639500166,
        1.6716620639501116,
        1.6716620639500943,
        1.7687966540094036,
        1.768796654009303,
        1.7687966540093087,
        1.7687966540092692,
        1.8180811867078996,
        1.8180811867078264,
        1.8180811867078317,
        1.8180811867078692,
        1.8180811867078717,
        1.8180811867078617,
        1.8180811867078386,
        1.8180811867078488,
        1.9659262464083933,
        1.9659262464084295,
        1.9659262464085485,
        1.9659262464084577,
        1.9659262464084737,
        1.9659262464085079,
        1.9659262464083946,
        1.9659262464085465,
        2.016266753800873,
        2.0162667538009083,
        2.016266753800935,
        2.016266753800984,
        2.016266753800906,
        2.0162667538009265,
        2.016266753800927,
        2.016266753800935,
        2.2123062307742387,
        2.2123062307742787,
        2.2123062307742853,
        2.212306230774311,
        2.212306230774253,
        2.212306230774258,
        2.212306230774245,
        2.212306230774262,
        2.4071359855520185,
        2.407135985552082,
        2.407135985552142,
        2.407135985552052,
        2.456465690078334,
        2.4564656900783572,
        2.456465690078336,
        2.4564656900782977,
        2.456465690078208,
        2.4564656900783084,
        2.456465690078384,
        2.456465690078286,
        2.60444586779079,
        2.604445867790765,
        2.6044458677908278,
        2.6044458677907447,
        2.604445867790774,
        2.604445867790837,
        2.604445867790845,
        2.604445867790821,
        2.459231730946117,
        2.4592317309463096,
        2.459231730946227,
        2.459231730946248,
        2.5571785119208505,
        2.5571785119208315,
        2.557178511920809,
        2.5571785119208936,
        2.557178511920838,
        2.5571785119206467,
        2.557178511920799,
        2.557178511920764,
        2.8510497281044187,
        2.8510497281045177,
        2.851049728104406,
        2.8510497281045155,
        2.851049728104377,
        2.8510497281044502,
        2.85104972810451,
        2.8510497281044396,
        3.1434224665728787,
        3.143422466573617,
        3.1434224665728947,
        3.143422466573233,
        3.1928032178088,
        3.1928032178087546,
        3.1928032178087413,
        3.1928032178087884,
        3.192803217808832,
        3.1928032178087933,
        3.192803217808754,
        3.1928032178089025,
        3.0004834999121774,
        3.00048349991225,
        3.0004834999123258,
        3.0004834999122036,
        3.000483499912237,
        3.0004834999122374,
        3.0004834999122556,
        3.000483499912401,
        3.340936085305555,
        3.3409360853055268,
        3.340936085305446,
        3.3409360853056453,
        3.340936085305404,
        3.340936085305349,
        3.3409360853053194,
        3.3409360853055796,
        3.196232676550949,
        3.1962326765509212,
        3.196232676550848,
        3.1962326765509195,
        3.196232676550905,
        3.1962326765509146,
        3.1962326765509474,
        3.196232676551027,
        3.58779293220233,
        3.5877929322023006,
        3.587792932202301,
        3.5877929322023476,
        3.5877929322023108,
        3.5877929322023214,
        3.5877929322022504,
        3.5877929322022473,
        3.977545215036827,
        3.977545215037043,
        3.977545215037147,
        3.9775452150370034,
        4.026982448701824,
        4.026982448701425,
        4.0269824487017525,
        4.026982448701642,
        4.026982448701543,
        4.0269824487017845,
        4.026982448701611,
        4.026982448701566,
        3.5421447306287743,
        3.5421447306289826,
        3.5421447306288916,
        3.5421447306289258,
        3.639932398820889,
        3.639932398820842,
        3.6399323988208447,
        3.63993239882089,
        3.6399323988207177,
        3.6399323988208874,
        3.639932398820709,
        3.639932398820791,
        4.175284263723118,
        4.17528426372304,
        4.175284263723,
        4.17528426372302,
        4.1752842637230065,
        4.175284263722984,
        4.175284263723029,
        4.175284263723264,
        3.933326936018216,
        3.9333269360183536,
        3.93332693601794,
        3.933326936018265,
        3.9333269360180565,
        3.933326936018187,
        3.9333269360176843,
        3.9333269360176817,
        4.422421029268681,
        4.422421029268478,
        4.422421029268342,
        4.422421029268608,
        4.42242102926866,
        4.42242102926879,
        4.422421029268645,
