{
    "potentialAtlasResolution": 128,
    "potentialAtlasGrid": 1,
    "potentialAtlasChannels": 1,
    "potentialMax": -7.628835768157721,
    "potentialMin": -11.099329518558651,
    "statesAtlasResolution": 1536,
    "statesAtlasGrid": 12,
    "statesAtlasChannels": 3,
    "numberOfStates": 382,
    "resolution": 128,
    "length": 100.0,
    "mass": 1.0,
    "energyLevels": [
        -11.586003771673017,
        -8.698866992792446,
        -8.469667965636416,
        -7.900919321386622,
        -8.283475445742456,
        -7.956083660041202,
        -7.8838136917583395,
        -7.921786993982103,
        -7.743276876899737,
        -7.750592343814853,
        -7.773909281678886,
        -7.686031153130227,
        -7.871848948635224,
        -7.763763001671707,
        -7.763121499460988,
        -7.763182023771634,
        -7.66910032431055,
        -7.691952402727029,
        -7.701442667080901,
        -7.74526106076995,
        -7.6885370764841845,
        -7.698723506011772,
        -7.699162614068985,
        -7.698700195364209,
        -7.6983353195909725,
        -7.667841814456553,
        -7.664834593485079,
        -7.647615479213663,
        -7.688199934870884,
        -7.662718828894315,
        -7.665762356974,
        -7.65998020470742,
        -7.6660080785758975,
        -7.665017240052697,
        -7.66815603010847,
        -7.646728670309795,
        -7.665900356478783,
        -7.648633131251227,
        -7.646150883936153,
        -7.654580514637235,
        -7.644928780581944,
        -7.647583765665983,
        -7.64673504481053,
        -7.647076096884863,
        -7.635425579392647,
        -7.647670399790133,
        -7.64759120256752,
        -7.65451921020234,
        -7.619931461235792,
        -7.634165087963323,
        -7.631884847085372,
        -7.647124689809758,
        -7.635336119469651,
        -7.634144288630019,
        -7.634358459375953,
        -7.633668410505351,
        -7.6338792999774565,
        -7.635686057899443,
        -7.635688111227429,
        -7.622403942400936,
        -7.632819456493072,
        -7.634469226590101,
        -7.631462986808097,
        -7.644107826463042,
        -7.623764937205923,
        -7.620679505102528,
        -7.621645053796449,
        -7.632245027629104,
        -7.625693570294782,
        -7.6256836442651785,
        -7.623026423914064,
        -7.625762117463292,
        -7.626905817166206,
        -7.615756700784839,
        -7.614971929213985,
        -7.625155501652083,
        -7.613688631519395,
        -7.619557227005696,
        -7.618608713669079,
        -7.610971017501782,
        -7.618179823047571,
        -7.611106839081257,
        -7.614363148805346,
        -7.615087112715633,
        -7.617337791941173,
        -7.615888213158691,
        -7.617328903941695,
        -7.609806359651005,
        -7.610844745650327,
        -7.611026324824925,
        -7.608881920388264,
        -7.608191523200912,
        -7.605508558124496,
        -7.606049872384933,
        -7.604124217259949,
        -7.606334442182998,
        -7.6067915666825385,
        -7.600442049387812,
        -7.5993922611716425,
        -7.597906692500647,
        -7.60502468978928,
        -7.604078838909908,
        -7.604266462270363,
        -7.598978997574404,
        -7.593447366738747,
        -7.597080559052218,
        -7.597926778225114,
        -7.6009416287656855,
        -7.5966568790121265,
        -7.594488213741458,
        -7.595297559147017,
        -7.5928511632374605,
        -7.594823901541899,
        -7.596780445551872,
        -7.59911411030385,
        -7.590266445213,
        -7.594038891944416,
        -7.590611842922851,
        -7.591073945583075,
        -7.588532221655138,
        -7.589512661077199,
        -7.590338747829987,
        -7.5889964234431755,
        -7.585011729055539,
        -7.584329747200341,
        -7.5876565851129385,
        -7.587516614868894,
        -7.585054839695031,
        -7.591734111674551,
        -7.584319204558762,
        -7.585551319952616,
        -7.5811461328148795,
        -7.585128555758464,
        -7.574869014663172,
        -7.580939414535619,
        -7.5804042535630565,
        -7.57461756656553,
        -7.575746484021844,
        -7.569246361539138,
        -7.574652470990314,
        -7.581024392027828,
        -7.572506930503154,
        -7.575872261013316,
        -7.575491158516677,
        -7.576751233602389,
        -7.569698521573024,
        -7.572008637257737,
        -7.574058605831292,
        -7.5688112801592915,
        -7.574635797723689,
        -7.570839375721883,
        -7.564531874581766,
        -7.5653697053592275,
        -7.564001956899089,
        -7.566872411918382,
        -7.563646728280622,
        -7.562090703823037,
        -7.565933521536641,
        -7.561540430923612,
        -7.560441495803051,
        -7.562790063545448,
        -7.563167169865611,
        -7.564849799099502,
        -7.557381247333016,
        -7.565558182943056,
        -7.561190335144616,
        -7.561251886471096,
        -7.5558474482651246,
        -7.557416425278429,
        -7.559431093177132,
        -7.55672537978978,
        -7.547280717485981,
        -7.555830437804346,
        -7.555287856553393,
        -7.553637305874959,
        -7.548681339556357,
        -7.551330067584095,
        -7.552839786373436,
        -7.551484664736474,
        -7.548948082285939,
        -7.549728574891418,
        -7.539939195605601,
        -7.5512687269621175,
        -7.546105466515332,
        -7.5483724013861355,
        -7.54336065768471,
        -7.541544567149744,
        -7.544793081989193,
        -7.54766613622326,
        -7.543353638118729,
        -7.543288511713694,
        -7.5424076446483,
        -7.540167579192476,
        -7.542293879521779,
        -7.5445651110200735,
        -7.532769461387913,
        -7.542996916792189,
        -7.535318692070236,
        -7.535090836212616,
        -7.5305090670027965,
        -7.536397233573224,
        -7.53476413286417,
        -7.530665973492809,
        -7.535515731477101,
        -7.532685201869324,
        -7.5320532775260265,
        -7.531579627730343,
        -7.516856094430205,
        -7.53333306994795,
        -7.529914160212693,
        -7.531254516481107,
        -7.528586414201477,
        -7.528145586986659,
        -7.528975312340432,
        -7.525848874138292,
        -7.52632887020366,
        -7.525021690800733,
        -7.521505470654706,
        -7.52221821260842,
        -7.522236729340149,
        -7.522697594096893,
        -7.5216912589568174,
        -7.521919248656262,
        -7.514188235385044,
        -7.521025674894913,
        -7.520001190106946,
        -7.521529659297444,
        -7.521607685784291,
        -7.514483032898362,
        -7.514844750847285,
        -7.517689865733681,
        -7.522842997511924,
        -7.5115471443780955,
        -7.518644626010792,
        -7.515918963571476,
        -7.515835812310501,
        -7.505335517498324,
        -7.5164851714998395,
        -7.5023862041468945,
        -7.508794232310773,
        -7.508568718465854,
        -7.5095939660054185,
        -7.504900859806577,
        -7.517591832719173,
        -7.503539388141583,
        -7.499592787502335,
        -7.5029917884935795,
        -7.508301958507401,
        -7.504693898483909,
        -7.508934488955992,
        -7.51105012917596,
        -7.496491498085579,
        -7.49404810644609,
        -7.499594308661967,
        -7.497970349083424,
        -7.498863748428699,
        -7.498411402992392,
        -7.496759921959232,
        -7.49924316307502,
        -7.504595253097868,
        -7.4849452441715325,
        -7.491175538221976,
        -7.494693903301448,
        -7.489890534878352,
        -7.492617053137712,
        -7.491908775198942,
        -7.497942509227679,
        -7.492832845753377,
        -7.492361543938511,
        -7.488463488172611,
        -7.487793330660033,
