{
    "potentialAtlasResolution": 128,
    "potentialAtlasGrid": 1,
    "potentialAtlasChannels": 1,
    "potentialMax": -36.20386719675226,
    "potentialMin": -45.1827771872118,
    "statesAtlasResolution": 1536,
    "statesAtlasGrid": 12,
    "statesAtlasChannels": 3,
    "numberOfStates": 384,
    "resolution": 128,
    "length": 20.0,
    "mass": 1.0,
    "energyLevels": [
        -37.990676306073354,
        -36.34955381484226,
        -36.349553814842665,
        -36.34970410151786,
        -36.200465313800635,
        -36.17813478988711,
        -36.17813478988758,
        -36.19268102672136,
        -36.16898226890159,
        -36.11016477363367,
        -36.11016477363212,
        -36.0679180848323,
        -36.04221248367143,
        -36.0067032913108,
        -36.00670329131134,
        -36.02143931583742,
        -36.023650467965695,
        -35.950447800538875,
        -35.918751200304484,
        -35.91875120030519,
        -35.91956925790422,
        -35.91956925790735,
        -35.90354726842558,
        -35.85073747036326,
        -35.83270399168702,
        -35.79565020718351,
        -35.79565020718464,
        -35.79891813591504,
        -35.79111352569673,
        -35.73704624204191,
        -35.730986947198346,
        -35.730986947198396,
        -35.67415438100777,
        -35.67679136796648,
        -35.630935553084456,
        -35.63093555308592,
        -35.61001387929427,
        -35.61001387929452,
        -35.62506095320009,
        -35.61261737536326,
        -35.568966680593896,
        -35.53114504053952,
        -35.53114504054035,
        -35.508982872131284,
        -35.479209936940066,
        -35.47920993693499,
        -35.461860503039695,
        -35.44815185747728,
        -35.39157913177544,
        -35.39157913177524,
        -35.4065200183148,
        -35.36287697662525,
        -35.35715428129205,
        -35.34324696056707,
        -35.27179255063875,
        -35.27179255063946,
        -35.30193275291791,
        -35.294510837438025,
        -35.230767121639296,
        -35.23076712164007,
        -35.22969387036821,
        -35.1917236022076,
        -35.191723602207794,
        -35.17718593119532,
        -35.14282313717617,
        -35.14282313717568,
        -35.122736203476485,
        -35.09233780818996,
        -35.09004220116834,
        -35.09004220116793,
        -35.01665374290678,
        -35.007615099449644,
        -35.025993525147975,
        -35.02221290981281,
        -34.96035597537445,
        -34.960355975373986,
        -34.975191887150196,
        -34.9203986205048,
        -34.87045700153566,
        -34.90934078706938,
        -34.90934078706943,
        -34.86339166446765,
        -34.85455349792312,
        -34.8371170648567,
        -34.83711706485559,
        -34.75515735672152,
        -34.75515735672003,
        -34.75135728979565,
        -34.751357289795585,
        -34.767080957478406,
        -34.69116169551583,
        -34.72975338493844,
        -34.62763460873844,
        -34.62763460873905,
        -34.68657570574391,
        -34.662796086579775,
        -34.601549984777705,
        -34.60154998477735,
        -34.61741380748762,
        -34.60939218343768,
        -34.553788507686356,
        -34.50591993408478,
        -34.50591993408473,
        -34.46534728787434,
        -34.462551578618914,
        -34.48823883046787,
        -34.40475130633065,
        -34.40475130633051,
        -34.277362076433285,
        -34.380479131797784,
        -34.38047913179697,
        -33.77581861096123,
        -33.73021554733682,
        -33.72423149075617,
        -33.86419451547513,
        -33.86419451547585,
        -33.93249562669774,
        -33.93249562669656,
        -33.90286732534997,
        -34.012921943935936,
        -34.040012686291476,
        -34.04001268629154,
        -34.051013511312746,
        -34.13202050538045,
        -34.03658125028345,
        -33.9885192146369,
        -33.98851921463652,
        -34.064111434529345,
        -34.10037187707542,
        -33.99466979680973,
        -33.95581325381623,
        -33.95581325381492,
        -33.99421857756106,
        -33.91541748458856,
        -33.915417484587536,
        -33.920357603492945,
        -33.78798568773848,
        -33.7850559694443,
        -33.84123813177385,
        -33.924042570925245,
        -33.92404257092529,
        -33.7826597955084,
        -33.78265979550926,
        -33.797365771433995,
        -33.797365771433114,
        -33.34392696702444,
        -33.529342091051625,
        -33.65855461264195,
        -33.25498507926106,
        -33.254985079260244,
        -33.30590111326621,
        -33.7121966629997,
        -33.43433924579075,
        -33.58425923392903,
        -33.58425923392953,
        -33.75973979254911,
        -33.60506049380586,
        -33.69684740661993,
        -33.49803970666525,
        -33.498039706664606,
        -33.58491561584444,
        -33.55222771560172,
        -33.49451234433767,
        -33.494512344338425,
        -33.47809661594351,
        -33.47661524597356,
        -33.43746959017655,
        -33.43746959017488,
        -33.406433905981935,
        -33.42439062433701,
        -33.3371594874404,
        -33.33715948744066,
        -33.42554426795629,
        -33.42554426795478,
        -33.28614558207915,
        -33.37756368647628,
        -33.37756368647737,
        -33.12077110831117,
        -33.24229608040259,
        -33.091371403493575,
        -33.219581787407336,
        -33.21958178740702,
        -33.21660590944482,
        -32.96360178816137,
        -33.118335254242815,
        -33.11833525424075,
        -33.24042507886767,
        -32.955299483815914,
        -32.857319558294044,
        -32.85731955829456,
        -33.206982404249054,
        -32.498647298169196,
        -33.739231792812724,
        -32.80407792031535,
        -32.804077920317,
        -33.161526248333004,
        -33.1822993178348,
        -33.06775175916327,
        -33.09395868810088,
        -32.68927404472212,
        -32.6892740447229,
        -32.88998420540512,
        -32.85269024987598,
        -32.85040017909762,
        -32.8504001790961,
        -32.68137684024661,
        -32.66858579508673,
        -32.589669768783516,
        -32.589669768784866,
        -32.68989109861359,
        -32.792667428921504,
        -32.79266742892074,
        -32.68574510760482,
        -32.56215948335398,
        -32.56215948335264,
        -32.49586021183546,
        -32.49586021183606,
        -32.58976833695019,
        -32.69236173530018,
        -32.69236173529888,
        -32.486736119728626,
        -32.41635168157323,
        -32.39899756505074,
        -32.39900991347522,
        -32.24267364219191,
        -32.44474321347718,
        -33.43122376715513,
        -32.295915694272686,
        -32.29591568557986,
        -32.431717903045474,
        -32.35521623323751,
        -32.241926698426106,
        -32.606562455445676,
        -32.29405903508676,
        -32.27569246331941,
        -32.275692456909724,
        -31.861961099182565,
        -32.08600870863398,
        -32.086008723177166,
        -32.42442940677327,
        -32.419608232623915,
        -32.44597532263249,
        -32.26871839126727,
        -32.32138348499563,
        -31.803393735000157,
        -31.80339373514748,
        -32.14769823289342,
        -32.1476982257347,
        -32.03964783193492,
        -31.995934206158182,
        -31.872460551049002,
        -31.872460550037417,
        -31.837434319008402,
        -31.827984063589874,
        -31.91523169897321,
        -31.91523171456255,
        -31.869981078582427,
        -32.22785253331131,
        -32.22785253197356,
        -31.83831262336365,
        -31.691620141119174,
        -31.69162014091043,
        -31.457465749662866,
        -31.45746575111859,
        -31.955223235030452,
        -32.06086698831706,
        -31.80124757903306,
        -31.801247581454632,
        -31.309220751425883,
        -31.66739817407825,
